brand,name,city,state,lat,lng,geo_precision,platform,platform_key,platform_loc,ring_status,nearest_pool,nearest_mi,n_pools_in_ring,enrolled_estimate,capacity_observed,utilization_pct,evidence,kind,per_lesson,monthly_price,price_method
Aqua-Tots,Aqua-Tots Swim School - Hoover,Hoover,AL,33.3884453,-86.8081469,,pike13,hoover,,prospective,Sandy Plains,141.98,0,381,604,63.1,observed_published_capacity,published,32.5,140.72,pike13_single_visit_list
Aqua-Tots,Aqua-Tots Swim School - Surprise,Surprise,AZ,33.6371843,-112.359762,,pike13,surprise,,prospective,Gilbert,36.68,0,689,988,69.7,observed_published_capacity,published,30.0,129.9,pike13_single_visit_list
Aqua-Tots,Aqua-Tots Swim School - Glendale,Glendale,AZ,33.6467173,-112.2349554,,pike13,glendale,,prospective,Gilbert,31.04,0,753,972,77.5,observed_published_capacity,published,28.0,121.24,pike13_single_visit_list
Aqua-Tots,Aqua-Tots Swim School - Ahwatukee,Phoenix,AZ,33.3176367,-111.9832843,,pike13,ahwatukee,,prospective,Gilbert,10.87,0,618,780,79.2,observed_published_capacity,published,30.0,129.9,pike13_single_visit_list
Aqua-Tots,Aqua-Tots Swim School - North Phoenix,Phoenix,AZ,33.6988861,-112.1012447,,pike13,north-phoenix,,prospective,Gilbert,28.15,0,753,1058,71.2,observed_published_capacity,published,27.0,116.91,pike13_single_visit_list
Aqua-Tots,Aqua-Tots Swim School - Central Phoenix,Phoenix,AZ,33.5516602,-112.0603478,,pike13,central-phoenix,,prospective,Gilbert,19.09,0,459,716,64.1,observed_published_capacity,published,28.0,121.24,pike13_single_visit_list
Aqua-Tots,Aqua-Tots Swim School - Old Town Scottsdale,Scottsdale,AZ,33.4963273,-111.9179919,,pike13,old-town-scottsdale,,prospective,Gilbert,10.62,0,498,748,66.6,observed_published_capacity,published,32.0,138.56,pike13_single_visit_list
Aqua-Tots,Aqua-Tots Swim School - Queen Creek,Queen Creek,AZ,33.2544336,-111.6363545,,pike13,queen-creek,,prospective,Gilbert,12.85,0,478,696,68.7,observed_published_capacity,published,29.0,125.57,pike13_single_visit_list
Aqua-Tots,Aqua-Tots Swim School - Paradise Valley,Paradise Valley,AZ,33.6022634,-111.9788077,,pike13,paradise-valley,,prospective,Gilbert,18.65,0,794,1156,68.7,observed_published_capacity,published,32.0,138.56,pike13_single_visit_list
Aqua-Tots,Aqua-Tots Swim School - Gilbert,Gilbert,AZ,33.3077553,-111.7731137,,pike13,gilbert,,in_ring,Gilbert,4.95,1,376,540,69.6,observed_published_capacity,published,35.0,151.55,pike13_single_visit_list
Aqua-Tots,Aqua-Tots Swim School - Chandler,Chandler,AZ,33.2462265,-111.8449145,,pike13,chandler,,in_ring,Gilbert,9.06,1,350,468,74.8,observed_published_capacity,published,22.25,96.34,pike13_single_visit_list
Aqua-Tots,Aqua-Tots Swim School - Mesa,Mesa,AZ,33.395247,-111.73998117,,pike13,mesa,,in_ring,Gilbert,4.16,1,762,972,78.4,observed_published_capacity,published,35.0,151.55,pike13_single_visit_list
Aqua-Tots,Aqua-Tots Swim School - San Dimas,San Dimas,CA,34.1036674,-117.8188952,,pike13,san-dimas,,prospective,Lakewood,25.15,0,596,912,65.4,observed_published_capacity,published,45.0,194.85,pike13_single_visit_list
Aqua-Tots,Aqua-Tots Swim School - Hawaiian Gardens,Hawaiian Gardens,CA,33.8301323,-118.0726667,,pike13,hawaiian-gardens,,in_ring,Lakewood,4.09,1,782,1060,73.8,observed_published_capacity,published,35.5,153.72,pike13_single_visit_list
Aqua-Tots,Aqua-Tots Swim School - Roseville,Roseville,CA,38.743917,-121.2567472,,pike13,roseville,,prospective,Torrance,376.05,0,945,1372,68.9,observed_published_capacity,published,33.46,144.88,pike13_single_visit_list
Aqua-Tots,Aqua-Tots Swim School - La Mesa,La Mesa,CA,32.7822553,-117.0327129,,pike13,la-mesa,,prospective,San Diego - Point Loma,10.81,0,1740,2100,82.9,observed_published_capacity,published,43.0,186.19,pike13_single_visit_list
Aqua-Tots,Aqua-Tots Swim School - Anaheim,Anaheim,CA,33.8309997,-118.0013133,,pike13,anaheim,,in_ring,Lakewood,8.0,2,1502,1788,84.0,observed_published_capacity,published,35.5,153.72,pike13_single_visit_list
Aqua-Tots,Aqua-Tots Swim School - Tustin,Tustin,CA,33.747403,-117.80836,,pike13,tustin,,in_ring,Tustin,1.79,1,1156,1632,70.8,observed_published_capacity,published,29.0,125.57,pike13_single_visit_list
Aqua-Tots,Aqua-Tots Swim School - Rancho Cucamonga,Rancho Cucamonga,CA,34.1226045,-117.6173888,,pike13,rancho-cucamonga,,prospective,Tustin,29.33,0,1266,1716,73.8,observed_published_capacity,published,45.0,194.85,pike13_single_visit_list
Aqua-Tots,Aqua-Tots Swim School - Otay Ranch,Chula Vista,CA,32.6238402,-116.9691678,,pike13,otay-ranch,,prospective,San Diego - Point Loma,16.84,0,1993,2348,84.9,observed_published_capacity,published,26.0,112.58,pike13_single_visit_list
Aqua-Tots,Aqua-Tots Swim School - Orange,Orange,CA,33.8033045,-117.8393301,,pike13,orange,,in_ring,Tustin,6.04,1,1662,1992,83.4,observed_published_capacity,published,28.0,121.24,pike13_single_visit_list
Aqua-Tots,Aqua-Tots Swim School - Costa Mesa,Costa Mesa,CA,33.6551448,-117.9197694,,pike13,costa-mesa,,in_ring,Huntington Beach,4.87,2,1214,1576,77.0,observed_published_capacity,published,28.0,121.24,pike13_single_visit_list
Aqua-Tots,Aqua-Tots Swim School - Arvada,Arvada,CO,39.8405727,-105.0833473,,pike13,arvada,,in_ring,Northglenn,5.85,1,673,776,86.7,observed_published_capacity,published,34.5,149.38,pike13_single_visit_list
Aqua-Tots,Aqua-Tots Swim School - Lone Tree,Lone Tree,CO,39.5615948,-104.900662,,pike13,lone-tree,,in_ring,Centennial,8.53,1,536,648,82.7,observed_published_capacity,published,31.75,137.48,pike13_single_visit_list
Aqua-Tots,Aqua-Tots Swim School - Littleton,Littleton,CO,39.6081044,-105.0998546,,pike13,littleton,,prospective,Centennial,18.42,0,700,816,85.8,observed_published_capacity,published,32.5,140.72,pike13_single_visit_list
Aqua-Tots,Aqua-Tots Swim School - Fort Lauderdale,Fort Lauderdale,FL,26.1895251,-80.1240191,,pike13,fort-lauderdale,,prospective,Pembroke Pines,16.75,0,582,724,80.4,observed_published_capacity,published,33.0,142.89,pike13_single_visit_list
Aqua-Tots,Aqua-Tots Swim School - Oviedo,Oviedo,FL,28.64985,81.205309,,pike13,oviedo,,prospective,Methuen,7201.6,0,557,712,78.2,observed_published_capacity,published,30.0,129.9,pike13_single_visit_list
Aqua-Tots,Aqua-Tots Swim School - Sarasota,Sarasota,FL,27.3002302,-82.5176253,,pike13,sarasota,,prospective,Pembroke Pines,163.33,0,501,708,70.8,observed_published_capacity,published,34.0,147.22,pike13_single_visit_list
Aqua-Tots,Aqua-Tots Swim School - Davie,Davie,FL,26.1096563,-80.3044565,,pike13,davie,,in_ring,Pembroke Pines,7.03,1,916,1148,79.8,observed_published_capacity,published,33.0,142.89,pike13_single_visit_list
Aqua-Tots,Aqua-Tots Swim School - Forsyth County,Cumming,GA,34.1411779,-84.173512,,pike13,forsyth-county,,in_ring,Johns Creek,6.95,1,726,880,82.5,observed_published_capacity,published,31.0,134.23,pike13_single_visit_list
Aqua-Tots,Aqua-Tots Swim School - Dunwoody,Dunwoody,GA,33.9510826,-84.3382031,,pike13,dunwoody,,in_ring,Roswell,6.42,4,382,444,86.0,observed_published_capacity,published,32.5,140.72,pike13_single_visit_list
Aqua-Tots,Aqua-Tots Swim School - Sandy Springs,Sandy Springs,GA,33.8989849,-84.3842378,,pike13,sandy-springs,,in_ring,Atlanta - North Druid Hills,5.82,1,357,492,72.6,observed_published_capacity,published,31.0,134.23,pike13_single_visit_list
Aqua-Tots,Aqua-Tots Swim School - East Cobb,Marietta,GA,33.9790066,-84.4229289,,pike13,east-cobb,,in_ring,Sandy Plains,4.59,2,339,440,77.0,observed_published_capacity,published,30.0,129.9,pike13_single_visit_list
Aqua-Tots,Aqua-Tots Swim School - Roswell,Roswell,GA,34.0638346,-84.4008846,,pike13,roswell,,in_ring,Roswell,3.71,2,324,432,75.0,observed_published_capacity,published,30.0,129.9,pike13_single_visit_list
Aqua-Tots,Aqua-Tots Swim School - Briarcliff,Atlanta,GA,33.816545,-84.3365073,,pike13,briarcliff,,in_ring,Atlanta - North Druid Hills,0.75,1,577,828,69.7,observed_published_capacity,published,31.75,137.48,pike13_single_visit_list
Aqua-Tots,Aqua-Tots Swim School - Douglasville,Douglasville,GA,33.7282147,-84.7407459,,pike13,douglasville,,prospective,Atlanta - North Druid Hills,24.44,0,712,928,76.7,observed_published_capacity,published,32.0,138.56,pike13_single_visit_list
Aqua-Tots,Aqua-Tots Swim School - Kennesaw,Kennesaw,GA,34.017829,-84.6217702,,pike13,kennesaw,,in_ring,Sandy Plains,9.14,1,541,980,55.2,observed_published_capacity,published,35.0,151.55,pike13_single_visit_list
Aqua-Tots,Aqua-Tots Swim School - Atlanta/Westside Village,Atlanta,GA,33.8168307,-84.4265237,,pike13,atlanta-westside-village,,in_ring,Atlanta - North Druid Hills,5.47,1,484,644,75.2,observed_published_capacity,published,32.5,140.72,pike13_single_visit_list
Aqua-Tots,Aqua-Tots Swim School - Alpharetta,Alpharetta,GA,34.0208865,-84.274339,,pike13,alpharetta,,in_ring,Johns Creek,3.59,2,396,508,78.0,observed_published_capacity,published,31.75,137.48,pike13_single_visit_list
Aqua-Tots,Aqua-Tots Swim School - Des Moines,Des Moines,IA,41.5650584,-93.8083577,,pike13,des-moines,,prospective,O'Fallon,252.94,0,398,556,71.6,observed_published_capacity,published,29.0,125.57,pike13_single_visit_list
Aqua-Tots,Aqua-Tots Swim School - Boise,Eagle,ID,43.6837738,-116.3168472,,pike13,boise,,prospective,Cottonwood Heights,311.39,0,277,392,70.7,observed_published_capacity,published,30.0,129.9,pike13_single_visit_list
Aqua-Tots,Aqua-Tots Swim School - Peoria,Peoria,IL,40.781754,-89.679914,,pike13,peoria,,prospective,Naperville,105.3,0,727,984,73.9,observed_published_capacity,published,30.0,129.9,pike13_single_visit_list
Aqua-Tots,Aqua-Tots Swim School - Wheaton,Wheaton,IL,41.8307923,-88.0913546,,pike13,wheaton,,in_ring,Geneva,2.8,3,221,352,62.8,observed_published_capacity,published,36.0,155.88,pike13_single_visit_list
Aqua-Tots,Aqua-Tots Swim School - Orland Park,Orland Park,IL,41.6079533,-87.849452,,pike13,orland-park,,prospective,Naperville,16.9,0,440,548,80.3,observed_published_capacity,published,30.0,129.9,pike13_single_visit_list
Aqua-Tots,Aqua-Tots Swim School - North Indianapolis,Indianapolis,IN,39.9258119,-86.0898738,,pike13,north-indianapolis,,in_ring,Noblesville,9.57,1,518,764,67.8,observed_published_capacity,published,32.0,138.56,pike13_single_visit_list
Aqua-Tots,Aqua-Tots Swim School - Schererville,Schererville,IN,41.4823702,-87.4391548,,pike13,schererville,,prospective,Chicago - Lincoln Park,32.88,0,743,916,81.1,observed_published_capacity,published,33.0,142.89,pike13_single_visit_list
Aqua-Tots,Aqua-Tots Swim School - Prairie Village,Prairie Village,KS,38.9574188,-94.6481579,,pike13,prairie-village,,prospective,O'Fallon,212.74,0,407,556,73.2,observed_published_capacity,published,35.0,151.55,pike13_single_visit_list
Aqua-Tots,Aqua-Tots Swim School - Olathe,Olathe,KS,38.9097679,-94.7683742,,pike13,olathe,,prospective,O'Fallon,219.11,0,616,760,81.1,observed_published_capacity,published,35.0,151.55,pike13_single_visit_list
Aqua-Tots,Aqua-Tots Swim School - Lexington-Hamburg,Lexington,KY,38.0208858,-84.414118,,pike13,hamburg,,prospective,Noblesville,158.56,0,361,568,63.6,observed_published_capacity,published,30.0,129.9,pike13_single_visit_list
Aqua-Tots,Aqua-Tots Swim School - Louisville,Louisville,KY,38.2425716,-85.5467109,,pike13,louisville,,prospective,Noblesville,122.5,0,568,733,77.5,observed_published_capacity,published,30.0,129.9,pike13_single_visit_list
Aqua-Tots,Aqua-Tots Swim School - Lexington,Lexington,KY,37.9957532,-84.531698,,pike13,lexington,,prospective,Noblesville,156.94,0,361,568,63.6,observed_published_capacity,published,30.0,129.9,pike13_single_visit_list
Aqua-Tots,Aqua-Tots Swim School - Braintree,Braintree,MA,42.1915974,-70.9867806,,pike13,braintree,,prospective,Framingham,22.66,0,514,864,59.5,observed_published_capacity,published,40.0,173.2,pike13_single_visit_list
Aqua-Tots,Aqua-Tots Swim School - Norwood,Norwood,MA,42.1782761,-71.19443,,pike13,norwood,,prospective,Framingham,13.83,0,1249,1708,73.1,observed_published_capacity,published,35.0,151.55,pike13_single_visit_list
Aqua-Tots,Aqua-Tots Swim School - Holland,Holland,MI,42.8174834,-86.0921185,,pike13,holland,,prospective,Wilmette,99.01,0,318,504,63.1,observed_published_capacity,published,37.5,162.38,pike13_single_visit_list
Aqua-Tots,Aqua-Tots Swim School - Grand Rapids,Grand Rapids,MI,42.9123177,-85.6059407,,pike13,grand-rapids,,prospective,Ann Arbor,104.6,0,321,564,56.9,observed_published_capacity,published,37.5,162.38,pike13_single_visit_list
Aqua-Tots,Aqua-Tots Swim School - Portage,Portage,MI,42.2136367,-85.5884638,,pike13,portage,,prospective,Ann Arbor,93.61,0,794,1084,73.2,observed_published_capacity,published,37.5,162.38,pike13_single_visit_list
Aqua-Tots,Aqua-Tots Swim School - Berkley,Berkley,MI,42.4951457,-83.1847318,,pike13,berkley,,prospective,Sterling Heights,11.9,0,1086,1398,77.7,observed_published_capacity,published,30.5,132.06,pike13_single_visit_list
Aqua-Tots,Aqua-Tots Swim School - Dearborn,Dearborn,MI,42.2990399,-83.2779964,,pike13,dearborn,,prospective,Ann Arbor,24.86,0,693,972,71.3,observed_published_capacity,published,30.5,132.06,pike13_single_visit_list
Aqua-Tots,Aqua-Tots Swim School - Woodhaven,Woodhaven,MI,42.1512535,-83.2281119,,pike13,woodhaven,,prospective,Ann Arbor,27.97,0,671,947,70.9,observed_published_capacity,published,30.5,132.06,pike13_single_visit_list
Aqua-Tots,Aqua-Tots Swim School - Troy,Troy,MI,42.5610397,-83.1337489,,pike13,troy,,in_ring,Sterling Heights,7.34,1,963,1180,81.6,observed_published_capacity,published,30.5,132.06,pike13_single_visit_list
Aqua-Tots,Aqua-Tots Swim School - Sterling Heights,Sterling Heights,MI,42.6257488,-82.9772272,,pike13,sterling-heights,,in_ring,Sterling Heights,2.09,1,860,1112,77.3,observed_published_capacity,published,30.5,132.06,pike13_single_visit_list
Aqua-Tots,Aqua-Tots Swim School - Novi,Novi,MI,42.4938468,-83.4868792,,pike13,novi,,prospective,Ann Arbor,22.01,0,1220,1616,75.5,observed_published_capacity,published,30.5,132.06,pike13_single_visit_list
Aqua-Tots,Aqua-Tots Swim School - Canton,Canton,MI,42.3502019,-83.469753,,pike13,canton,,prospective,Ann Arbor,16.42,0,887,1124,78.9,observed_published_capacity,published,30.5,132.06,pike13_single_visit_list
Aqua-Tots,Aqua-Tots Swim School - Auburn Hills,Auburn Hills,MI,42.7042621,-83.2899577,,pike13,auburn-hills,,prospective,Sterling Heights,16.4,0,592,843,70.2,observed_published_capacity,published,30.5,132.06,pike13_single_visit_list
Aqua-Tots,Aqua-Tots Swim School - Farmington Hills,Farmington Hills,MI,42.5276811,-83.3586525,,pike13,farmington-hills,,prospective,Sterling Heights,18.94,0,626,963,65.0,observed_published_capacity,published,30.5,132.06,pike13_single_visit_list
Aqua-Tots,Aqua-Tots Swim School - Edina,Edina,MN,44.8651241,-93.3534669,,pike13,edina,,prospective,Hoffman Estates,325.83,0,504,804,62.7,observed_published_capacity,published,35.0,151.55,pike13_single_visit_list
Aqua-Tots,Aqua-Tots Swim School - Eagan,Eagan,MN,44.7910176,-93.2183679,,pike13,eagan,,prospective,Hoffman Estates,317.47,0,430,616,69.8,observed_published_capacity,published,31.0,134.23,pike13_single_visit_list
Aqua-Tots,Aqua-Tots Swim School - Winston-Salem,Winston-Salem,NC,36.0848344,-80.3498482,,pike13,winston-salem,,prospective,Concord,53.45,0,356,680,52.4,observed_published_capacity,published,33.0,142.89,pike13_single_visit_list
Aqua-Tots,Aqua-Tots Swim School - Matthews,Matthews,NC,35.1233137,-80.7125628,,pike13,matthews,,in_ring,Charlotte - Pineville,8.08,1,827,1020,81.1,observed_published_capacity,published,31.0,134.23,pike13_single_visit_list
Aqua-Tots,Aqua-Tots Swim School - Holly Springs,Holly Springs,NC,35.6641342,-78.7967754,,pike13,holly-springs,,in_ring,Apex,7.02,1,688,872,78.9,observed_published_capacity,published,30.0,129.9,pike13_single_visit_list
Aqua-Tots,Aqua-Tots Swim School - Raleigh,Raleigh,NC,35.899677,-78.6555187,,pike13,raleigh,,prospective,Apex,16.21,0,759,936,81.1,observed_published_capacity,published,32.5,140.72,pike13_single_visit_list
Aqua-Tots,Aqua-Tots Swim School - Myers Park,Charlotte,NC,35.1705929,-80.8088156,,pike13,myers-park,,in_ring,Charlotte - Pineville,6.16,1,537,668,80.4,observed_published_capacity,published,32.0,138.56,pike13_single_visit_list
Aqua-Tots,Aqua-Tots Swim School - Ballantyne,Charlotte,NC,35.0411954,-80.863866,,pike13,ballantyne,,in_ring,Charlotte - Pineville,3.32,1,582,676,86.1,observed_published_capacity,published,32.0,138.56,pike13_single_visit_list
Aqua-Tots,Aqua-Tots Swim School - Cary,Cary,NC,35.7860794,-78.8750034,,pike13,cary,,in_ring,Apex,2.86,1,786,924,85.1,observed_published_capacity,published,32.5,140.72,pike13_single_visit_list
Aqua-Tots,Aqua-Tots Swim School - West Omaha,Omaha,NE,41.233424,-96.1904913,,pike13,west-omaha,,prospective,O'Fallon,336.36,0,219,364,60.2,observed_published_capacity,published,32.5,140.72,pike13_single_visit_list
Aqua-Tots,Aqua-Tots Swim School - Bellevue,Bellevue,NE,41.1421252,-95.965604,,pike13,bellevue,,prospective,O'Fallon,323.08,0,279,368,75.8,observed_published_capacity,published,25.0,108.25,pike13_single_visit_list
Aqua-Tots,Aqua-Tots Swim School - Omaha,Omaha,NE,41.3080233,-96.1396916,,pike13,omaha,,prospective,O'Fallon,336.55,0,440,628,70.1,observed_published_capacity,published,29.0,125.57,pike13_single_visit_list
Aqua-Tots,Aqua-Tots Swim School - North Bergen,North Bergen,NJ,40.77496680000001,-74.0343082,,pike13,north-bergen,,prospective,Woodland Park,11.59,0,1291,1592,81.1,observed_published_capacity,published,50.0,216.5,pike13_single_visit_list
Aqua-Tots,Aqua-Tots Swim School - Toms River,Toms River,NJ,39.9905336,-74.1777726,,pike13,toms-river,,prospective,North Brunswick,35.81,0,748,1212,61.7,observed_published_capacity,published,38.0,164.54,pike13_single_visit_list
Aqua-Tots,Aqua-Tots Swim School - Old Bridge,Old Bridge,NJ,40.3659774,-74.3024254,,pike13,old-bridge,,prospective,North Brunswick,11.24,0,658,828,79.5,observed_published_capacity,published,35.0,151.55,pike13_single_visit_list
Aqua-Tots,Aqua-Tots Swim School - Mount Laurel,Mount Laurel,NJ,39.937916,-74.9680903,,pike13,mount-laurel,,in_ring,Cherry Hill,2.65,1,763,960,79.5,observed_published_capacity,published,31.0,134.23,pike13_single_visit_list
Aqua-Tots,Aqua-Tots Swim School - Clark,Clark,NJ,40.631950784437805,-74.30523278357879,,pike13,clark,,in_ring,Short Hills,6.25,2,1212,1380,87.8,observed_published_capacity,published,38.0,164.54,pike13_single_visit_list
Aqua-Tots,Aqua-Tots Swim School - Henderson,Henderson,NV,36.0648649,-115.0402045,,pike13,henderson,,prospective,Tustin,224.73,0,568,772,73.6,observed_published_capacity,published,32.0,138.56,pike13_single_visit_list
Aqua-Tots,Aqua-Tots Swim School - Las Vegas,Las Vegas,NV,36.1975215,-115.252319,,pike13,las-vegas,,prospective,Tustin,223.41,0,925,1324,69.9,observed_published_capacity,published,32.0,138.56,pike13_single_visit_list
Aqua-Tots,Aqua-Tots Swim School - Amherst,Amherst,NY,42.9780878,-78.7847754,,pike13,amherst,,prospective,Cranberry Township,171.37,0,779,988,78.8,observed_published_capacity,published,35.0,151.55,pike13_single_visit_list
Aqua-Tots,Aqua-Tots Swim School - Strongsville,Strongsville,OH,41.2892275,-81.8357459,,pike13,strongsville,,prospective,Cranberry Township,99.01,0,379,620,61.1,observed_published_capacity,published,31.25,135.31,pike13_single_visit_list
Aqua-Tots,Aqua-Tots Swim School - North Canton,Canton,OH,40.8486155,-81.4258529,,pike13,north-canton,,prospective,Cranberry Township,69.89,0,317,424,74.8,observed_published_capacity,published,35.0,151.55,pike13_single_visit_list
Aqua-Tots,Aqua-Tots Swim School - Beavercreek,Beavercreek,OH,39.7592851,-84.0534092,,pike13,beavercreek,,prospective,Noblesville,100.78,0,678,924,73.4,observed_published_capacity,published,30.0,129.9,pike13_single_visit_list
Aqua-Tots,Aqua-Tots Swim School - Springboro,Springboro,OH,39.5762033,-84.2313851,,pike13,springboro,,prospective,Noblesville,94.62,0,425,552,77.0,observed_published_capacity,published,29.25,126.65,pike13_single_visit_list
Aqua-Tots,Aqua-Tots Swim School - Westerville,Westerville,OH,40.1443851,-82.9251138,,pike13,westerville,,prospective,Ann Arbor,151.6,0,387,512,75.6,observed_published_capacity,published,31.25,135.31,pike13_single_visit_list
Aqua-Tots,Aqua-Tots Swim School - Powell,Powell,OH,40.1603167,-83.0963259,,pike13,powell,,prospective,Ann Arbor,148.23,0,748,988,75.7,observed_published_capacity,published,31.25,135.31,pike13_single_visit_list
Aqua-Tots,Aqua-Tots Swim School - New Albany,Columbus,OH,40.0810104,-82.8509994,,pike13,new-albany,,prospective,Cranberry Township,150.74,0,885,1152,76.8,observed_published_capacity,published,31.25,135.31,pike13_single_visit_list
Aqua-Tots,Aqua-Tots Swim School - Crocker Park,Westlake,OH,41.4608147,-81.9567872,,pike13,crocker-park,,prospective,Sterling Heights,95.21,0,673,956,70.4,observed_published_capacity,published,31.25,135.31,pike13_single_visit_list
Aqua-Tots,Aqua-Tots Swim School - Oklahoma City,Oklahoma City,OK,35.5561278,-97.6450471,,pike13,oklahoma-city,,prospective,Frisco,171.19,0,421,528,79.7,observed_published_capacity,published,29.5,127.73,pike13_single_visit_list
Aqua-Tots,Aqua-Tots Swim School - Conshohocken,Conshohocken,PA,40.0957534,-75.286957,,pike13,conshohocken,,prospective,Paoli,11.13,0,,,,not_sized,none,31.0,134.23,pike13_single_visit_list
Aqua-Tots,Aqua-Tots Swim School - Horsham,Horsham,PA,40.180679,-75.1379156,,pike13,horsham,,in_ring,Warminster,2.64,1,1199,1444,83.0,observed_published_capacity,published,31.0,134.23,pike13_single_visit_list
Aqua-Tots,Aqua-Tots Swim School - Chattanooga,Chattanooga,TN,35.0355028,-85.1813887,,pike13,chattanooga-hamilton-place,,prospective,Sandy Plains,80.23,0,777,1056,73.6,observed_published_capacity,published,34.0,147.22,pike13_single_visit_list
Aqua-Tots,Aqua-Tots Swim School - Bryan College Station,Bryan,TX,30.6630548,-96.3225779,,pike13,bryan-college-station,,prospective,Katy,70.2,0,551,720,76.5,observed_published_capacity,published,30.75,133.15,pike13_single_visit_list
Aqua-Tots,Aqua-Tots Swim School - San Antonio Live Oak,San Antonio,TX,29.5789838,-98.3404462,,pike13,san-antonio-live-oak,,prospective,Austin - Central,63.92,0,407,488,83.4,observed_published_capacity,published,27.0,116.91,pike13_single_visit_list
Aqua-Tots,Aqua-Tots Swim School - Corpus Christi,Corpus Christi,TX,27.697517,-97.3778111,,pike13,corpus-christi,,prospective,Richmond - Aliana,168.96,0,397,532,74.6,observed_published_capacity,published,26.0,112.58,pike13_single_visit_list
Aqua-Tots,Aqua-Tots Swim School - South McAllen,McAllen,TX,26.1948814,-98.2800283,,pike13,south-mcallen,,prospective,Richmond - Aliana,286.0,0,298,436,68.3,observed_published_capacity,published,26.0,112.58,pike13_single_visit_list
Aqua-Tots,Aqua-Tots Swim School - North Richland Hills,Richland Hills,TX,32.8564167,-97.1896935,,pike13,north-richland-hills,,prospective,Plano,25.65,0,574,676,84.9,observed_published_capacity,published,24.0,103.92,pike13_single_visit_list
Aqua-Tots,Aqua-Tots Swim School - Fort Worth Bryant Irvin,Fort Worth,TX,32.6797495,-97.4189324,,pike13,fort-worth-bryant-irvin,,prospective,Plano,43.34,0,562,696,80.7,observed_published_capacity,published,32.0,138.56,pike13_single_visit_list
Aqua-Tots,Aqua-Tots Swim School - Alliance/Keller,Fort Worth,TX,32.9152902,-97.3084617,,pike13,alliance-keller,,prospective,Frisco,29.42,0,943,1236,76.3,observed_published_capacity,published,32.0,138.56,pike13_single_visit_list
Aqua-Tots,Aqua-Tots Swim School - San Antonio Dove Creek,San Antonio,TX,29.4271689,-98.7839384,,pike13,san-antonio-dove-creek,,prospective,Austin - Central,89.44,0,977,1196,81.7,observed_published_capacity,published,29.25,126.65,pike13_single_visit_list
Aqua-Tots,Aqua-Tots Swim School - Helotes,Helotes,TX,29.5563784,-98.6711713,,pike13,helotes,,prospective,Austin - Central,78.37,0,358,444,80.6,observed_published_capacity,published,29.25,126.65,pike13_single_visit_list
Aqua-Tots,Aqua-Tots Swim School - North McAllen,McAllen,TX,26.2565307,-98.2223196,,pike13,north-mcallen,,prospective,Richmond - Aliana,280.49,0,476,684,69.6,observed_published_capacity,published,26.0,112.58,pike13_single_visit_list
Aqua-Tots,Aqua-Tots Swim School - Brownsville,Brownsville,TX,25.9649353,-97.5061636,,pike13,brownsville,,prospective,Richmond - Aliana,277.55,0,253,404,62.6,observed_published_capacity,published,26.0,112.58,pike13_single_visit_list
Aqua-Tots,Aqua-Tots Swim School - Coppell,Coppell,TX,32.9534887,-96.9608616,,pike13,coppell,,prospective,Plano,10.78,0,584,616,94.8,observed_published_capacity,published,29.5,127.73,pike13_single_visit_list
Aqua-Tots,Aqua-Tots Swim School - Humble,Humble,TX,30.0082787,-95.2803611,,pike13,humble,,prospective,Richmond - Aliana,35.3,0,235,280,83.9,observed_published_capacity,published,25.0,108.25,pike13_single_visit_list
Aqua-Tots,Aqua-Tots Swim School - The Woodlands,Shenandoah,TX,30.1957016,-95.4540326,,pike13,the-woodlands,,prospective,Katy,38.69,0,244,348,70.1,observed_published_capacity,published,25.0,108.25,pike13_single_visit_list
Aqua-Tots,Aqua-Tots Swim School - Plano,Plano,TX,33.0288652,-96.8434538,,pike13,plano,,in_ring,Plano,2.81,2,350,452,77.4,observed_published_capacity,published,29.5,127.73,pike13_single_visit_list
Aqua-Tots,Aqua-Tots Swim School - Flower Mound,Flower Mound,TX,33.0690748,-97.0825397,,pike13,flower-mound,,prospective,Frisco,12.67,0,471,596,79.0,observed_published_capacity,published,30.0,129.9,pike13_single_visit_list
Aqua-Tots,Aqua-Tots Swim School - West Frisco,Frisco,TX,33.1249297,-96.8914746,,pike13,west-frisco,,in_ring,Frisco,2.28,2,472,572,82.5,observed_published_capacity,published,30.0,129.9,pike13_single_visit_list
Aqua-Tots,Aqua-Tots Swim School - Central McKinney,McKinney,TX,33.2167851,-96.6849661,,pike13,central-mckinney,,in_ring,Allen,6.31,1,896,1064,84.2,observed_published_capacity,published,32.0,138.56,pike13_single_visit_list
Aqua-Tots,Aqua-Tots Swim School - McKinney/Frisco,Frisco,TX,33.1753448,-96.7378643,,pike13,mckinney-frisco,,in_ring,Allen,5.86,2,629,704,89.3,observed_published_capacity,published,29.5,127.73,pike13_single_visit_list
Aqua-Tots,Aqua-Tots Swim School - Murphy,Murphy,TX,33.0121421,-96.6282999,,pike13,murphy,,in_ring,Allen,8.24,2,672,796,84.4,observed_published_capacity,published,29.5,127.73,pike13_single_visit_list
Aqua-Tots,Aqua-Tots Swim School - Richardson,Richardson,TX,32.9805762,-96.7677737,,pike13,richardson,,in_ring,Plano,3.43,1,408,528,77.3,observed_published_capacity,published,30.5,132.06,pike13_single_visit_list
Aqua-Tots,Aqua-Tots Swim School - Rockwall,Rockwall,TX,32.8880294,-96.4749356,,pike13,rockwall,,prospective,Allen,19.61,0,801,968,82.7,observed_published_capacity,published,31.25,135.31,pike13_single_visit_list
Aqua-Tots,Aqua-Tots Swim School - San Antonio Stone Oak,San Antonio,TX,29.6512209,-98.4473911,,pike13,san-antonio-stone-oak,,prospective,Austin - Central,64.2,0,395,544,72.6,observed_published_capacity,published,27.25,117.99,pike13_single_visit_list
Aqua-Tots,Aqua-Tots Swim School - Cedar Park,Cedar Park,TX,30.5301405,-97.8153354,,pike13,cedar-park,,prospective,Austin - Central,15.64,0,815,948,86.0,observed_published_capacity,published,30.0,129.9,pike13_single_visit_list
Aqua-Tots,Aqua-Tots Swim School - Mansfield,Mansfield,TX,32.586551,-97.1422432,,pike13,mansfield,,prospective,Plano,36.36,0,,,,not_sized,none,32.0,138.56,pike13_single_visit_list
Aqua-Tots,Aqua-Tots Swim School - San Antonio The Rim,San Antonio,TX,29.6063901,-98.5984168,,pike13,san-antonio-the-rim,,prospective,Austin - Central,72.82,0,563,688,81.8,observed_published_capacity,published,29.25,126.65,pike13_single_visit_list
Aqua-Tots,Aqua-Tots Swim School - Pearland,Pearland,TX,29.5511684,-95.3885106,,pike13,pearland,,prospective,Richmond - Aliana,20.07,0,677,844,80.2,observed_published_capacity,published,31.0,134.23,pike13_single_visit_list
Aqua-Tots,Aqua-Tots Swim School - Pasadena,Pasadena,TX,29.648035,-95.1518301,,pike13,pasadena,,prospective,Richmond - Aliana,33.04,0,482,640,75.3,observed_published_capacity,published,31.0,134.23,pike13_single_visit_list
Aqua-Tots,Aqua-Tots Swim School - North Central San Antonio,San Antonio,TX,29.5169704,-98.5050876,,pike13,north-central-san-antonio,,prospective,Austin - Central,73.42,0,422,532,79.3,observed_published_capacity,published,29.25,126.65,pike13_single_visit_list
Aqua-Tots,Aqua-Tots Swim School - Missouri City,Missouri City,TX,29.5647862,-95.5685239,,pike13,missouri-city,,prospective,Richmond - Aliana,10.01,0,147,200,73.5,observed_published_capacity,published,27.0,116.91,pike13_single_visit_list
Aqua-Tots,Aqua-Tots Swim School - Laredo,Laredo,TX,27.5969888,-99.483629,,pike13,laredo,,prospective,Austin - Central,216.85,0,,,,not_sized,none,,,
Aqua-Tots,Aqua-Tots Swim School - Katy,Katy,TX,29.7571633,-95.7804665,,pike13,katy,,in_ring,Katy,3.21,2,600,812,73.9,observed_published_capacity,published,28.5,123.41,pike13_single_visit_list
Aqua-Tots,Aqua-Tots Swim School - Cypress,Cypress,TX,29.9735806,-95.7051878,,pike13,cypress,,prospective,Katy,17.77,0,382,548,69.7,observed_published_capacity,published,26.5,114.75,pike13_single_visit_list
Aqua-Tots,Aqua-Tots Swim School - Spring/Klein,Spring,TX,30.0104743,-95.515821,,pike13,spring-klein,,prospective,Katy,26.52,0,592,953,62.1,observed_published_capacity,published,35.0,151.55,pike13_single_visit_list
Aqua-Tots,Aqua-Tots Swim School - Round Rock,Round Rock,TX,30.519509,-97.692146,,pike13,round-rock,,prospective,Austin - Central,13.55,0,586,704,83.2,observed_published_capacity,published,32.0,138.56,pike13_single_visit_list
Aqua-Tots,Aqua-Tots Swim School - Jordan Landing,West Jordan,UT,40.6131422,-111.9815169,,pike13,jordan-landing,,in_ring,Cottonwood Heights,6.81,1,508,676,75.1,observed_published_capacity,published,29.5,127.73,pike13_single_visit_list
Aqua-Tots,Aqua-Tots Swim School - Midvale,Midvale,UT,40.6201784,-111.8616554,,pike13,midvale,,in_ring,Cottonwood Heights,0.52,1,314,476,66.0,observed_published_capacity,published,30.0,129.9,pike13_single_visit_list
Aqua-Tots,Aqua-Tots Swim School - Virginia Beach at Red Mill,Virginia Beach,VA,36.7591518,-76.0066355,,pike13,virginia-beach-at-red-mill,,prospective,Springfield,153.78,0,423,552,76.6,observed_published_capacity,published,41.25,178.61,pike13_single_visit_list
Aqua-Tots,Aqua-Tots Swim School - Sterling,Sterling,VA,39.0271191,-77.4244404,,pike13,sterling,,in_ring,Dulles,4.07,1,387,652,59.4,observed_published_capacity,published,34.0,147.22,pike13_single_visit_list
Aqua-Tots,Aqua-Tots Swim School - Barcroft Plaza,Falls Church,VA,38.8358604,-77.155257,,pike13,barcroft-plaza,,in_ring,Falls Church,2.3,3,315,448,70.3,observed_published_capacity,published,38.0,164.54,pike13_single_visit_list
Aqua-Tots,Aqua-Tots Swim School - Falls Church,Falls Church,VA,38.892346860214,-77.186671088442,street,pike13,falls-church,,in_ring,Falls Church,2.81,3,235,340,69.1,observed_published_capacity,published,39.0,168.87,pike13_single_visit_list
Aqua-Tots,Aqua-Tots Swim School - Leesburg,Leesburg,VA,39.1077121,-77.5316896,,pike13,leesburg,,in_ring,Dulles,9.29,1,747,1216,61.4,observed_published_capacity,published,34.0,147.22,pike13_single_visit_list
Aqua-Tots,Aqua-Tots Swim School - Richmond - Midlothian,Richmond,VA,37.5082979,-77.6047929,,pike13,richmond-midlothian,,prospective,Springfield,90.58,0,433,520,83.3,observed_published_capacity,published,36.0,155.88,pike13_single_visit_list
Aqua-Tots,Aqua-Tots Swim School - Henrico - Richmond,Henrico,VA,37.6193303,-77.5234893,,pike13,henrico-richmond,,prospective,Springfield,82.09,0,478,628,76.1,observed_published_capacity,published,36.0,155.88,pike13_single_visit_list
Aqua-Tots,Aqua-Tots Swim School - South Riding,Chantilly,VA,38.9157719,-77.4913843,,pike13,south-riding,,in_ring,Dulles,4.65,2,649,830,78.2,observed_published_capacity,published,32.0,138.56,pike13_single_visit_list
Aqua-Tots,Aqua-Tots Swim School - Centreville,Centreville,VA,38.8280885,-77.4404105,,pike13,centreville,,in_ring,Chantilly,4.33,2,775,1088,71.2,observed_published_capacity,published,34.0,147.22,pike13_single_visit_list
Aqua-Tots,Aqua-Tots Swim School - Lynnwood,Lynnwood,WA,47.8195516,-122.3164357,,pike13,lynnwood,,prospective,Cottonwood Heights,716.93,0,730,1036,70.5,observed_published_capacity,published,44.75,193.77,pike13_single_visit_list
Bear Paddle,Bear Paddle Swim School - Bloomingdale,Bloomingdale,IL,41.9575285,-88.0809036,city_centroid,jackrabbit,499027,BMD,in_ring,Glendale Heights,1.41,3,366,496,73.8,jackrabbit_derived_openings,derived,36.95,160.0,jackrabbit_public_openings_tuition
Bear Paddle,Bear Paddle Swim School - Orland Park,Orland Park,IL,41.630663,-87.8536288,city_centroid,jackrabbit,499027,ORP,prospective,Naperville,15.85,0,623,731,85.2,jackrabbit_derived_openings,derived,41.57,180.0,jackrabbit_public_openings_tuition
Bear Paddle,Bear Paddle Swim School - Woodridge,Woodridge,IL,41.7563344,-88.045559,city_centroid,jackrabbit,499027,WDR,in_ring,Naperville,3.61,2,612,708,86.4,jackrabbit_derived_openings,derived,41.57,180.0,jackrabbit_public_openings_tuition
Bear Paddle,Bear Paddle Swim School - Aurora,Aurora,IL,41.7571701,-88.3147539,city_centroid,jackrabbit,499027,AUR,prospective,Naperville,10.3,0,459,582,78.9,jackrabbit_derived_openings,derived,41.57,180.0,jackrabbit_public_openings_tuition
Bear Paddle,Bear Paddle Swim School - Lake in the Hills,Lake in the Hills,IL,42.1816908,-88.3303618,city_centroid,jackrabbit,499027,LITH,prospective,Hoffman Estates,13.42,0,414,493,84.0,jackrabbit_derived_openings,derived,41.57,180.0,jackrabbit_public_openings_tuition
Bear Paddle,Bear Paddle Swim School - Niles,Niles,IL,42.0289319,-87.8122348,city_centroid,jackrabbit,499027,NLS,in_ring,Niles,1.01,3,414,492,84.1,jackrabbit_derived_openings,derived,41.57,180.0,jackrabbit_public_openings_tuition
Bear Paddle,Bear Paddle Swim School - Wheaton,Wheaton,IL,41.8646959,-88.1101709,city_centroid,jackrabbit,499027,WTN,in_ring,Geneva,2.34,3,418,535,78.1,jackrabbit_derived_openings,derived,41.57,180.0,jackrabbit_public_openings_tuition
Bear Paddle,Bear Paddle Swim School - Kildeer,Kildeer,IL,42.1705807,-88.0478532,city_centroid,jackrabbit,499027,DPK,in_ring,Buffalo Grove,4.65,2,591,719,82.2,jackrabbit_derived_openings,derived,41.57,180.0,jackrabbit_public_openings_tuition
Bear Paddle,Bear Paddle Swim School - Louisville,Louisville,KY,38.2542376,-85.759407,city_centroid,jackrabbit,499027,LOU,prospective,Noblesville,120.31,0,331,449,73.7,jackrabbit_derived_openings,derived,36.95,160.0,jackrabbit_public_openings_tuition
Bear Paddle,Bear Paddle Swim School - Florence,Florence,KY,38.9989499,-84.6266111,city_centroid,jackrabbit,499027,FLO,prospective,Noblesville,97.58,0,539,660,81.7,jackrabbit_derived_openings,derived,36.95,160.0,jackrabbit_public_openings_tuition
Bear Paddle,Bear Paddle Swim School - Savage,Savage,MN,44.7779041,-93.3356204,city_centroid,jackrabbit,499027,SAV,prospective,Hoffman Estates,321.69,0,372,506,73.5,jackrabbit_derived_openings,derived,36.95,160.0,jackrabbit_public_openings_tuition
Bear Paddle,Bear Paddle Swim School - Marlton,Marlton,NJ,39.9005585,-74.9338911,city_centroid,jackrabbit,499027,MRL,in_ring,Cherry Hill,5.22,1,434,538,80.7,jackrabbit_derived_openings,derived,41.57,180.0,jackrabbit_public_openings_tuition
Bear Paddle,Bear Paddle Swim School - Turnersville,Turnersville,NJ,39.766826,-75.063004,city_centroid,jackrabbit,499027,TRN,prospective,Cherry Hill,12.17,0,333,417,79.9,jackrabbit_derived_openings,derived,36.95,160.0,jackrabbit_public_openings_tuition
Bear Paddle,Bear Paddle Swim School - Cincinnati,Cincinnati,OH,39.1012809,-84.5127405,city_centroid,jackrabbit,499027,OAK,prospective,Noblesville,97.34,0,522,681,76.7,jackrabbit_derived_openings,derived,36.95,160.0,jackrabbit_public_openings_tuition
Bear Paddle,Bear Paddle Swim School - Mason,Mason,OH,39.3600586,-84.309939,city_centroid,jackrabbit,499027,MAS,prospective,Noblesville,96.54,0,855,1047,81.7,jackrabbit_derived_openings,derived,41.57,180.0,jackrabbit_public_openings_tuition
British,British Swim School - Chandler,Chandler,AZ,33.3062031,-111.841185,city_centroid,jackrabbit,bss_chandler_ray,,in_ring,Gilbert,5.04,1,124,219,56.6,jackrabbit_derived_openings,derived,33.49,145.0,jackrabbit_public_openings_tuition
British,British Swim School - Gilbert,Gilbert,AZ,33.3527632,-111.789037,city_centroid,jackrabbit,bss_gilbert_lauren,,in_ring,Gilbert,1.78,1,4,9,44.4,jackrabbit_derived_openings,derived,33.49,145.0,jackrabbit_public_openings_tuition
British,British Swim School - Chandler,Chandler,AZ,33.3062031,-111.841185,city_centroid,jackrabbit,bss_ocotillo,,in_ring,Gilbert,5.04,1,124,219,56.6,jackrabbit_derived_openings,derived,33.49,145.0,jackrabbit_public_openings_tuition
British,British Swim School - Irvine,Irvine,CA,33.6856969,-117.825981,city_centroid,jackrabbit,bss_jamboree,,in_ring,Tustin,3.22,2,178,391,45.5,jackrabbit_derived_openings,derived,36.03,156.0,jackrabbit_public_openings_tuition
British,British Swim School - San Diego,San Diego,CA,32.7174202,-117.162772,city_centroid,jackrabbit,bss_kearny_mesa,,in_ring,San Diego - Point Loma,3.89,1,110,223,49.3,jackrabbit_derived_openings,derived,36.03,156.0,jackrabbit_public_openings_tuition
British,British Swim School - San Diego,San Diego,CA,32.7174202,-117.162772,city_centroid,jackrabbit,bss_utc,,in_ring,San Diego - Point Loma,3.89,1,110,223,49.3,jackrabbit_derived_openings,derived,36.03,156.0,jackrabbit_public_openings_tuition
British,British Swim School - Irvine,Irvine,CA,33.6856969,-117.825981,city_centroid,jackrabbit,bss_woodbury,,in_ring,Tustin,3.22,2,178,391,45.5,jackrabbit_derived_openings,derived,36.03,156.0,jackrabbit_public_openings_tuition
British,British Swim School - Westminster,Westminster,CO,39.8366528,-105.0372046,city_centroid,jackrabbit,bss_westminster,,in_ring,Northglenn,4.32,1,67,128,52.3,jackrabbit_derived_openings,derived,40.42,175.0,jackrabbit_public_openings_tuition
British,British Swim School - Miami,Miami,FL,25.7741566,-80.1935973,city_centroid,jackrabbit,bss_north_miami_beach,,prospective,Pembroke Pines,17.52,0,66,136,48.5,fofnintel_history,derived,,,
British,British Swim School - Pembroke Pines,Pembroke Pines,FL,26.0061943,-80.2872086,city_centroid,jackrabbit,bss_pembroke_pines,,in_ring,Pembroke Pines,0.98,1,80,317,25.2,fofnintel_history,derived,34.41,149.0,jackrabbit_openings_tuition_monthly
British,British Swim School - Atlanta,Atlanta,GA,33.7544657,-84.3898151,city_centroid,jackrabbit,bss_lenox_buckhead,,in_ring,Atlanta - North Druid Hills,6.0,1,32,68,47.1,fofnintel_history,derived,,,
British,British Swim School - Arlington Heights,Arlington Heights,IL,42.0811563,-87.9802164,city_centroid,jackrabbit,bss_arlington_heights,,in_ring,Buffalo Grove,5.22,2,64,119,53.8,jackrabbit_derived_openings,derived,34.64,150.0,jackrabbit_public_openings_tuition
British,British Swim School - Carol Stream,Carol Stream,IL,41.9125286,-88.1347927,city_centroid,jackrabbit,bss_carol_stream,,in_ring,Glendale Heights,3.22,3,49,71,69.0,jackrabbit_derived_openings,derived,34.64,150.0,jackrabbit_public_openings_tuition
British,British Swim School - Naperville,Naperville,IL,41.7728699,-88.1479278,city_centroid,jackrabbit,bss_naperville_59,,in_ring,Naperville,2.27,2,170,251,67.7,jackrabbit_derived_openings,derived,34.64,150.0,jackrabbit_public_openings_tuition
British,British Swim School - Skokie,Skokie,IL,42.0262972,-87.7521069,city_centroid,jackrabbit,bss_skokie,,in_ring,Niles,2.69,4,234,405,57.8,jackrabbit_derived_openings,derived,35.1,152.0,jackrabbit_public_openings_tuition
British,British Swim School - Villa Park,Villa Park,IL,41.8893116,-87.9778368,city_centroid,jackrabbit,bss_villa_park,,in_ring,Geneva,4.75,2,901,1196,75.3,jackrabbit_derived_openings,derived,36.03,156.0,jackrabbit_public_openings_tuition
British,British Swim School - Fishers,Fishers,IN,39.9555928,-86.0138729,city_centroid,jackrabbit,bss_livrite_fishers,,in_ring,Noblesville,5.05,1,63,124,50.8,fofnintel_history,derived,,,
British,British Swim School - Shelby Township,Shelby Township,MI,43.5974492,-86.3379509,city_centroid,jackrabbit,bss_shelby,,prospective,Wilmette,127.15,0,243,371,65.5,fofnintel_history,derived,,,
British,British Swim School - Charlotte,Charlotte,NC,35.2272086,-80.8430827,city_centroid,jackrabbit,bss_ballantyne,,in_ring,Charlotte - Pineville,9.65,1,816,1451,56.2,jackrabbit_derived_openings,derived,32.31,139.9,jackrabbit_public_openings_tuition
British,British Swim School - Charlotte,Charlotte,NC,35.2272086,-80.8430827,city_centroid,jackrabbit,bss_charlotte_tryon,,in_ring,Charlotte - Pineville,9.65,1,816,1451,56.2,jackrabbit_derived_openings,derived,32.31,139.9,jackrabbit_public_openings_tuition
British,British Swim School - Matthews,Matthews,NC,35.1159532,-80.7224386,city_centroid,jackrabbit,bss_matthews,,in_ring,Charlotte - Pineville,7.4,1,23,52,44.2,jackrabbit_derived_openings,derived,32.31,139.9,jackrabbit_public_openings_tuition
British,British Swim School - Charlotte,Charlotte,NC,35.2272086,-80.8430827,city_centroid,jackrabbit,bss_pineville_matthews,,in_ring,Charlotte - Pineville,9.65,1,816,1451,56.2,jackrabbit_derived_openings,derived,32.31,139.9,jackrabbit_public_openings_tuition
British,British Swim School - Cliffside Park,Cliffside Park,NJ,40.8214894,-73.9876388,city_centroid,jackrabbit,bss_cliffside_park,,in_ring,Paramus,9.66,1,261,432,60.4,fofnintel_history,derived,42.96,186.0,jackrabbit_openings_tuition_monthly
British,British Swim School - Newark,Newark,NJ,40.735657,-74.1723667,city_centroid,jackrabbit,bss_home2_ewr,,in_ring,Short Hills,8.42,1,100,234,42.7,fofnintel_history,derived,,,
British,British Swim School - North Brunswick,North Brunswick,NJ,40.4539249,-74.476545,city_centroid,jackrabbit,bss_north_brunswick,,in_ring,North Brunswick,0.3,1,70,115,60.9,jackrabbit_derived_openings,derived,41.28,178.75,jackrabbit_public_openings_tuition
British,British Swim School - Voorhees Township,Voorhees Township,NJ,39.8512162,-74.9619779,city_centroid,jackrabbit,bss_voorhees,,in_ring,Cherry Hill,6.8,1,260,372,69.9,jackrabbit_derived_openings,derived,31.41,136.0,jackrabbit_public_openings_tuition
British,British Swim School - Maplewood,Maplewood,NJ,40.7312123,-74.2734808,city_centroid,jackrabbit,bss_winchester_maplewood,,in_ring,Short Hills,3.15,1,227,310,73.2,fofnintel_history,derived,,,
British,British Swim School - Bensalem,Bensalem,PA,40.1045549,-74.951279,city_centroid,jackrabbit,bss_bensalem,,in_ring,Fairless Hills,8.62,1,270,378,71.4,jackrabbit_derived_openings,derived,31.41,136.0,jackrabbit_public_openings_tuition
British,British Swim School - Collegeville,Collegeville,PA,40.1854712,-75.4512163,city_centroid,jackrabbit,bss_collegeville,,prospective,Paoli,10.09,0,66,118,55.9,fofnintel_history,derived,,,
British,British Swim School - Gibsonia,Gibsonia,PA,40.6300671,-79.9695004,city_centroid,jackrabbit,bss_gibsonia,,in_ring,Cranberry Township,8.6,1,139,236,58.9,jackrabbit_derived_openings,derived,36.03,156.0,jackrabbit_public_openings_tuition
British,British Swim School - Jenkintown,Jenkintown,PA,40.0959539,-75.125651,city_centroid,jackrabbit,bss_jenkintown,,in_ring,Warminster,7.91,1,239,283,84.5,jackrabbit_derived_openings,derived,31.41,136.0,jackrabbit_public_openings_tuition
British,British Swim School - Philadelphia,Philadelphia,PA,39.9527237,-75.1635262,city_centroid,jackrabbit,bss_kleinlife,,in_ring,Cherry Hill,7.75,2,195,244,79.9,jackrabbit_derived_openings,derived,31.41,136.0,jackrabbit_public_openings_tuition
British,British Swim School - Richboro,Richboro,PA,40.229682,-74.9994889,city_centroid,jackrabbit,bss_richboro,,in_ring,Warminster,5.73,2,167,213,78.4,jackrabbit_derived_openings,derived,31.41,136.0,jackrabbit_public_openings_tuition
British,British Swim School - Valencia,Valencia,PA,40.6771766,-79.9890665,city_centroid,jackrabbit,bss_valencia,,in_ring,Cranberry Township,6.26,1,91,191,47.6,jackrabbit_derived_openings,derived,36.03,156.0,jackrabbit_public_openings_tuition
British,British Swim School - Wexford,Wexford,PA,40.6264561,-80.055891,city_centroid,jackrabbit,bss_wexford,,in_ring,Cranberry Township,5.74,1,196,360,54.4,jackrabbit_derived_openings,derived,36.03,156.0,jackrabbit_public_openings_tuition
British,British Swim School - McKinney,McKinney,TX,33.1976496,-96.6154471,city_centroid,jackrabbit,bss_allen_fairview,,in_ring,Allen,5.17,1,267,618,43.2,fofnintel_history,derived,,,
British,British Swim School - Austin,Austin,TX,30.2711286,-97.7436995,city_centroid,jackrabbit,bss_austin_nw,,in_ring,Austin - Central,4.24,1,64,101,63.4,fofnintel_history,derived,,,
British,British Swim School - Draper,Draper,UT,40.5247777,-111.8627989,city_centroid,jackrabbit,bss_lehi_draper,,in_ring,Cottonwood Heights,6.8,2,160,276,58.0,fofnintel_history,derived,,,
Emler,Colorado Springs - Briargate,Colorado Springs,CO,38.9541727,-104.7261088,,iclasspro,emlercolorado,1,prospective,Centennial,45.42,0,852,1096,77.7,seatmodel_unvalidated,derived,34.0,147.22,iclasspro_class_detail_tuition
Emler,Kansas City - Leawood,Leawood,KS,38.8844313,-94.6262744,,iclasspro,emlermidwest,11,prospective,O'Fallon,211.44,0,630,1100,57.3,seatmodel_unvalidated,derived,35.0,151.55,iclasspro_class_detail_tuition
Emler,Kansas City - Westwood,Kansas City,KS,39.2459515,-94.5866599,,iclasspro,emlermidwest,40,prospective,O'Fallon,211.13,0,661,1006,65.7,seatmodel_unvalidated,derived,35.0,151.55,iclasspro_class_detail_tuition
Emler,Wichita,Wichita,KS,37.7162774,-97.2437526,,iclasspro,emlermidwest,42,prospective,Frisco,315.58,0,342,676,50.6,seatmodel_unvalidated,derived,30.0,129.9,iclasspro_class_detail_tuition
Emler,Cottleville,Cottleville,MO,38.7595930,-90.6470740,,iclasspro,emlermidwest,43,in_ring,O'Fallon,3.14,1,158,416,38.0,seatmodel_unvalidated,derived,33.0,142.89,iclasspro_class_detail_tuition
Emler,Kansas City - Northland,Kansas City,MO,39.2459515,-94.5866599,,iclasspro,emlermidwest,41,prospective,O'Fallon,211.13,0,914,1364,67.0,seatmodel_unvalidated,derived,33.0,142.89,iclasspro_class_detail_tuition
Emler,Solon,Solon,OH,41.392682835925,-81.446145693448,street,iclasspro,emlergreatlakes,5,prospective,Cranberry Township,84.69,0,321,558,57.5,seatmodel_unvalidated,derived,32.0,138.56,iclasspro_class_detail_tuition
Emler,Wexford,Wexford,PA,40.632410672625,-80.058967645986,street,iclasspro,emlergreatlakes,6,in_ring,Cranberry Township,5.3,1,17,502,3.4,seatmodel_unvalidated,derived,31.0,134.23,iclasspro_class_detail_tuition
Emler,Houston - Clear Lake,Houston,TX,29.7401872,-95.4349749,,iclasspro,emlerhouston,24,prospective,Richmond - Aliana,17.16,0,508,748,67.9,seatmodel_unvalidated,derived,31.0,134.23,iclasspro_class_detail_tuition
Emler,Houston - Meyerland,Houston,TX,29.7401872,-95.4349749,,iclasspro,emlerhouston,27,prospective,Richmond - Aliana,17.16,0,981,1370,71.6,seatmodel_unvalidated,derived,31.0,134.23,iclasspro_class_detail_tuition
Emler,Houston - Vintage Park,Houston,TX,29.7401872,-95.4349749,,iclasspro,emlerhouston,37,prospective,Richmond - Aliana,17.16,0,414,682,60.7,seatmodel_unvalidated,derived,32.0,138.56,iclasspro_class_detail_tuition
Emler,Katy,Katy,TX,29.7138608,-95.7778883,,iclasspro,emlerhouston,49,in_ring,Katy,3.65,2,522,686,76.1,seatmodel_unvalidated,derived,29.0,125.57,iclasspro_class_detail_tuition
Emler,Spring-Klein,Spring,TX,30.0848094,-95.5214563,,iclasspro,emlerhouston,38,prospective,Katy,30.14,0,515,674,76.4,seatmodel_unvalidated,derived,32.0,138.56,iclasspro_class_detail_tuition
Emler,The Woodlands,Oak Ridge North,TX,30.164631851313,-95.449994586547,street,iclasspro,emlerhouston,43,prospective,Katy,37.12,0,549,806,68.1,seatmodel_unvalidated,derived,32.0,138.56,iclasspro_class_detail_tuition
Emler,Austin - Anderson Mill,Austin,TX,30.274362,-97.8010358,,iclasspro,emleraustin,6,in_ring,Austin - Central,6.55,1,657,904,72.7,seatmodel_unvalidated,derived,38.0,164.54,iclasspro_class_detail_tuition
Emler,Austin - Oak Hill,Austin,TX,30.274362,-97.8010358,,iclasspro,emleraustin,42,in_ring,Austin - Central,6.55,1,451,628,71.8,seatmodel_unvalidated,derived,38.0,164.54,iclasspro_class_detail_tuition
Emler,Austin - Westlake,Austin,TX,30.274362,-97.8010358,,iclasspro,emleraustin,1,in_ring,Austin - Central,6.55,1,570,824,69.2,seatmodel_unvalidated,derived,43.0,186.19,iclasspro_class_detail_tuition
Emler,Cedar Park,Cedar Park,TX,30.5238992,-97.8146125,,iclasspro,emleraustin,39,prospective,Austin - Central,15.23,0,1406,1792,78.5,seatmodel_unvalidated,derived,38.0,164.54,iclasspro_class_detail_tuition
Emler,Round Rock,Round Rock,TX,30.4822917,-97.6777997,,iclasspro,emleraustin,30,prospective,Austin - Central,11.09,0,1137,1670,68.1,seatmodel_unvalidated,derived,39.0,168.87,iclasspro_class_detail_tuition
Emler,Brookfield,Brookfield,WI,43.0668,-88.1469,zip_centroid,iclasspro,emlergreatlakes,4,prospective,Buffalo Grove,63.71,0,367,612,60.0,seatmodel_unvalidated,derived,30.0,129.9,iclasspro_class_detail_tuition
Emler,Fitchburg,Fitchburg,WI,43.011188706227,-89.476511999314,street,iclasspro,emlergreatlakes,2,prospective,Hoffman Estates,95.16,0,314,514,61.1,seatmodel_unvalidated,derived,31.0,134.23,iclasspro_class_detail_tuition
Emler,West Madison,Madison,WI,43.080085079714,-89.534222301478,street,iclasspro,emlergreatlakes,1,prospective,Hoffman Estates,100.58,0,596,842,70.8,seatmodel_unvalidated,derived,31.0,134.23,iclasspro_class_detail_tuition
Foss,Foss Swim School - Castle Rock,Castle Rock,CO,39.3722552,-104.858682,city_centroid,foss_api,castle_rock,,prospective,Centennial,17.43,0,396,1124,35.2,fofnintel_history,derived,36.0,155.88,foss_location_page_quarter_tuition
Foss,Foss Swim School - Lone Tree,Lone Tree,CO,39.5364152,-104.9041528,city_centroid,foss_api,lone_tree,,in_ring,Centennial,9.53,1,380,712,53.4,fofnintel_history,derived,36.0,155.88,foss_location_page_quarter_tuition
Foss,Foss Swim School - Northglenn,Northglenn,CO,39.9100858,-104.987552,city_centroid,foss_api,northglenn,,in_ring,Northglenn,1.47,1,548,1262,43.4,fofnintel_history,derived,36.0,155.88,foss_location_page_quarter_tuition
Foss,Foss Swim School - Parker,Parker,CO,39.5184514,-104.7612638,city_centroid,foss_api,parker,,in_ring,Centennial,6.42,1,427,1005,42.5,fofnintel_history,derived,34.0,147.22,foss_location_page_quarter_tuition
Foss,Foss Swim School - Westminster,Westminster,CO,39.8366528,-105.0372046,city_centroid,foss_api,westminster,,in_ring,Northglenn,4.32,1,306,608,50.3,fofnintel_history,derived,36.0,155.88,foss_location_page_quarter_tuition
Foss,Foss Swim School - Ankeny,Ankeny,IA,41.7320796,-93.605092,city_centroid,foss_api,ankeny,,prospective,O'Fallon,255.13,0,712,1282,55.5,fofnintel_history,derived,30.0,129.9,foss_location_page_quarter_tuition
Foss,Foss Swim School - Bolingbrook,Bolingbrook,IL,41.7003302,-88.0717708,city_centroid,foss_api,bolingbrook,,in_ring,Naperville,4.15,1,491,1020,48.1,fofnintel_history,derived,32.0,138.56,foss_location_page_quarter_tuition
Foss,Foss Swim School - Elmwood Park,Elmwood Park,IL,41.9205931,-87.8160169,city_centroid,foss_api,elmwood_park,,in_ring,Niles,6.64,3,1572,2544,61.8,fofnintel_history,derived,32.0,138.56,foss_location_page_quarter_tuition
Foss,Foss Swim School - Glenview,Glenview,IL,42.0700662,-87.8114044,city_centroid,foss_api,glenview,,in_ring,Wilmette,2.87,4,863,1428,60.4,fofnintel_history,derived,32.0,138.56,foss_location_page_quarter_tuition
Foss,Foss Swim School - Highland Park,Highland Park,IL,42.1836719,-87.7993245,city_centroid,foss_api,highland_park,,in_ring,Wilmette,7.51,2,763,1098,69.5,fofnintel_history,derived,41.6,180.13,foss_location_page_quarter_tuition
Foss,Foss Swim School - Lakeview,Lakeview,IL,37.6680641,-88.6126143,city_centroid,foss_api,lakeview,,prospective,O'Fallon,136.83,0,1908,2807,68.0,fofnintel_history,derived,32.0,138.56,foss_location_page_quarter_tuition
Foss,Foss Swim School - Libertyville,Libertyville,IL,42.2830786,-87.9531303,city_centroid,foss_api,libertyville,,in_ring,Buffalo Grove,8.84,1,883,1370,64.5,fofnintel_history,derived,31.0,134.23,foss_location_page_quarter_tuition
Foss,Foss Swim School - Niles,Niles,IL,42.0289319,-87.8122348,city_centroid,foss_api,niles,,in_ring,Niles,1.01,3,683,1180,57.9,fofnintel_history,derived,31.0,134.23,foss_location_page_quarter_tuition
Foss,Foss Swim School - South Barrington,South Barrington,IL,42.093889,-88.1342353,city_centroid,foss_api,south_barrington,,in_ring,Hoffman Estates,3.3,2,920,1597,57.6,fofnintel_history,derived,30.0,129.9,foss_location_page_quarter_tuition
Foss,Foss Swim School - Western Springs,Western Springs,IL,41.8096132,-87.900671,city_centroid,foss_api,western_springs,,in_ring,Geneva,9.31,1,1228,1980,62.0,fofnintel_history,derived,32.0,138.56,foss_location_page_quarter_tuition
Foss,Foss Swim School - Apple Valley,Apple Valley,MN,44.7319094,-93.21772,city_centroid,foss_api,apple_valley,,prospective,Hoffman Estates,315.12,0,706,1307,54.0,fofnintel_history,derived,32.0,138.56,foss_location_page_quarter_tuition
Foss,Foss Swim School - Blaine,Blaine,MN,45.1607987,-93.2349489,city_centroid,foss_api,blaine,,prospective,Hoffman Estates,333.37,0,1710,2708,63.1,fofnintel_history,derived,32.0,138.56,foss_location_page_quarter_tuition
Foss,Foss Swim School - Burnsville,Burnsville,MN,44.7670567,-93.2773887,city_centroid,foss_api,burnsville,,prospective,Hoffman Estates,318.91,0,405,776,52.2,fofnintel_history,derived,32.0,138.56,foss_location_page_quarter_tuition
Foss,Foss Swim School - Chanhassen,Chanhassen,MN,44.8618403,-93.5307207,city_centroid,foss_api,chanhassen,,prospective,Hoffman Estates,332.86,0,1916,2762,69.4,fofnintel_history,derived,32.0,138.56,foss_location_page_quarter_tuition
Foss,Foss Swim School - Maple Grove,Maple Grove,MN,45.0984983,-93.4419222,city_centroid,foss_api,maple_grove,,prospective,Hoffman Estates,338.76,0,2354,3505,67.2,fofnintel_history,derived,32.0,138.56,foss_location_page_quarter_tuition
Foss,Foss Swim School - Otsego,Otsego,MN,45.2812733,-93.614857,city_centroid,foss_api,otsego,,prospective,Hoffman Estates,353.08,0,,,,not_sized,none,,,
Foss,Foss Swim School - Plymouth,Plymouth,MN,45.0065149,-93.46651,city_centroid,foss_api,plymouth,,prospective,Hoffman Estates,335.98,0,1582,2432,65.0,fofnintel_history,derived,32.0,138.56,foss_location_page_quarter_tuition
Foss,Foss Swim School - Richfield/Edina,Richfield/Edina,MN,44.8650526,-93.3198154,city_centroid,foss_api,richfield,,prospective,Hoffman Estates,324.47,0,2000,3033,65.9,fofnintel_history,derived,32.0,138.56,foss_location_page_quarter_tuition
Foss,Foss Swim School - Savage,Savage,MN,44.7779041,-93.3356204,city_centroid,foss_api,savage,,prospective,Hoffman Estates,321.69,0,611,1062,57.5,fofnintel_history,derived,31.0,134.23,foss_location_page_quarter_tuition
Foss,Foss Swim School - St. Paul,St. Paul,MN,44.9402711,-93.1966117,city_centroid,foss_api,st_paul,,prospective,Hoffman Estates,322.62,0,1324,2043,64.8,fofnintel_history,derived,31.0,134.23,foss_location_page_quarter_tuition
Foss,Foss Swim School - St. Louis Park,St. Louis Park,MN,44.9475726,-93.3569023,city_centroid,foss_api,stlouispark,,prospective,Hoffman Estates,329.25,0,1117,1964,56.9,fofnintel_history,derived,32.0,138.56,foss_location_page_quarter_tuition
Foss,Foss Swim School - Vadnais Heights,Vadnais Heights,MN,45.0575339,-93.0738955,city_centroid,foss_api,vadnais_heights,,prospective,Hoffman Estates,322.79,0,1534,2509,61.1,fofnintel_history,derived,32.0,138.56,foss_location_page_quarter_tuition
Foss,Foss Swim School - Woodbury,Woodbury,MN,44.919896,-92.9339449,city_centroid,foss_api,woodbury,,prospective,Hoffman Estates,311.54,0,1665,2817,59.1,fofnintel_history,derived,32.0,138.56,foss_location_page_quarter_tuition
Foss,Foss Swim School - Ballwin,Ballwin,MO,38.5961694,-90.5387318,city_centroid,foss_api,ballwin,,prospective,O'Fallon,15.31,0,903,1460,61.8,fofnintel_history,derived,32.0,138.56,foss_location_page_quarter_tuition
Foss,Foss Swim School - Creve Coeur,Creve Coeur,MO,38.6613007,-90.4423653,city_centroid,foss_api,creve_coeur,,prospective,O'Fallon,16.08,0,643,1144,56.2,fofnintel_history,derived,32.0,138.56,foss_location_page_quarter_tuition
Foss,Foss Swim School - O'Fallon,O'Fallon,MO,38.7902503,-90.7033292,city_centroid,foss_api,ofallon,,in_ring,O'Fallon,0.83,1,464,915,50.7,fofnintel_history,derived,32.0,138.56,foss_location_page_quarter_tuition
Foss,Foss Swim School - Rock Hill,Rock Hill,MO,38.609008,-90.3653224,city_centroid,foss_api,rock_hill,,prospective,O'Fallon,21.52,0,1070,1868,57.3,fofnintel_history,derived,32.0,138.56,foss_location_page_quarter_tuition
Foss,Foss Swim School - St. Charles,St. Charles,MO,38.7877791,-90.6747372,city_centroid,foss_api,st_charles,,in_ring,O'Fallon,1.5,1,571,983,58.1,fofnintel_history,derived,32.0,138.56,foss_location_page_quarter_tuition
Foss,Foss Swim School - Fargo,Fargo,ND,46.877229,-96.789821,city_centroid,foss_api,fargo,,prospective,Hoffman Estates,540.98,0,789,1387,56.9,fofnintel_history,derived,30.0,129.9,foss_location_page_quarter_tuition
Foss,Foss Swim School - Sun Prairie,Sun Prairie,WI,43.183278,-89.2128297,city_centroid,foss_api,sun_prairie,,prospective,Buffalo Grove,95.4,0,1250,1836,68.1,fofnintel_history,derived,31.0,134.23,foss_location_page_quarter_tuition
Goldfish,Lakeville,,,39.7837304,-100.445882,city_centroid,iclasspro,gsslakeville,1,prospective,Centennial,229.31,0,446,934,47.8,goldfish_calibrated,derived,31.0,134.23,iclasspro_class_detail_tuition
Goldfish,Goldfish Swim School - Pike Creek,,,39.7837304,-100.445882,city_centroid,iclasspro,gsspikecreek,1,prospective,Centennial,229.31,0,1044,1467,71.2,goldfish_calibrated,derived,31.0,134.23,iclasspro_class_detail_tuition
Goldfish,Goldfish Swim School - Hoover,Hoover,AL,33.361067847617,-86.850206597412,street,iclasspro,gsshoover,1,prospective,Sandy Plains,144.9,0,634,832,76.2,goldfish_calibrated,derived,35.0,151.55,iclasspro_class_detail_tuition
Goldfish,Madison,Madison,AL,34.754780756854,-86.73699941104,street,iclasspro,gssmadison,1,prospective,Sandy Plains,138.79,0,541,734,73.7,goldfish_calibrated,derived,40.0,173.2,iclasspro_class_detail_tuition
Goldfish,Montgomery,Montgomery,AL,32.358051477278,-86.163044166019,street,iclasspro,gssmontgomery,1,prospective,Atlanta - North Druid Hills,146.73,0,322,517,62.3,goldfish_calibrated,derived,37.0,160.21,iclasspro_class_detail_tuition
Goldfish,Goldfish Swim School - Rogers NWA,Rogers,AR,36.279682336814,-94.149944509565,street,iclasspro,gssrogersnwa,1,prospective,O'Fallon,255.98,0,715,1046,68.4,goldfish_calibrated,derived,27.0,116.91,iclasspro_class_detail_tuition
Goldfish,Goldfish Swim School Ahwatukee,Phoenix,AZ,33.330945311524,-111.980412765579,street,iclasspro,gssahwatukee,1,prospective,Gilbert,10.42,0,362,617,58.7,goldfish_calibrated,derived,28.0,121.24,iclasspro_class_detail_tuition
Goldfish,Goldfish Swim School – Gilbert,Gilbert,AZ,33.267351706677,-111.720605865928,street,iclasspro,gssgilbert,1,in_ring,Gilbert,8.88,1,687,925,74.3,goldfish_calibrated,derived,30.0,129.9,iclasspro_class_detail_tuition
Goldfish,Goldfish Swim School - North Scottsdale,Phoenix,AZ,33.6731,-111.9461,zip_centroid,iclasspro,gssnorthscottsdale,1,prospective,Gilbert,22.19,0,693,990,70.0,goldfish_calibrated,derived,29.0,125.57,iclasspro_class_detail_tuition
Goldfish,Goldfish Swim School - Aliso Viejo,Aliso Viejo,CA,33.6093204247,-117.731398253444,street,iclasspro,gssalisoviejo,1,in_ring,Tustin,8.73,1,584,820,71.2,goldfish_calibrated,derived,40.0,173.2,iclasspro_class_detail_tuition
Goldfish,Goldfish Swim School - Ladera Ranch,Ladera Ranch,CA,33.562528958979,-117.629492796738,street,iclasspro,gssladeraranch,1,prospective,Tustin,14.66,0,419,768,54.6,goldfish_calibrated,derived,40.0,173.2,iclasspro_class_detail_tuition
Goldfish,Goldfish Swim School - Santa Ana,Santa Ana,CA,33.701634423539,-117.885339848109,street,iclasspro,gsssantaana,1,in_ring,Tustin,5.46,2,660,904,73.0,goldfish_calibrated,derived,40.0,173.2,iclasspro_class_detail_tuition
Goldfish,Goldfish Swim School - Centennial East,Aurora,CO,39.601451886677,-104.805743364764,street,iclasspro,gsscentennialeast,1,in_ring,Centennial,2.84,1,708,1019,69.5,goldfish_calibrated,derived,33.0,142.89,iclasspro_class_detail_tuition
Goldfish,Goldfish Swim School - Central Park,Denver,CO,39.788231862505,-104.882175850435,street,iclasspro,gsscentralpark,1,in_ring,Northglenn,9.13,1,703,1008,69.7,goldfish_calibrated,derived,42.0,181.86,iclasspro_class_detail_tuition
Goldfish,Goldfish Swim School - Superior,Superior,CO,39.9789,-105.1456,zip_centroid,iclasspro,gsssuperior,1,prospective,Northglenn,10.18,0,493,923,53.4,goldfish_calibrated,derived,42.0,181.86,iclasspro_class_detail_tuition
Goldfish,Washington Park Swim School LLC,Denver,CO,39.711086288796,-104.983938916043,street,iclasspro,gsswashingtonpark,1,prospective,Northglenn,12.32,0,726,1047,69.3,goldfish_calibrated,derived,42.0,181.86,iclasspro_class_detail_tuition
Goldfish,Goldfish Swim School - Cromwell,Cromwell,CT,41.605497839842,-72.67653150116,street,iclasspro,gsscromwell,1,prospective,Shrewsbury,66.39,0,1053,1507,69.9,goldfish_calibrated,derived,35.0,151.55,iclasspro_class_detail_tuition
Goldfish,Hamden,Hamden,CT,41.373010220259,-72.916912576946,street,iclasspro,gsshamden,1,prospective,Paramus,66.66,0,667,951,70.1,goldfish_calibrated,derived,40.0,173.2,iclasspro_class_detail_tuition
Goldfish,Goldfish Swim School – Manchester,Manchester,CT,41.796584829338,-72.552561186746,street,iclasspro,gssmanchester,1,prospective,Shrewsbury,52.81,0,1615,2035,79.4,goldfish_calibrated,derived,35.0,151.55,iclasspro_class_detail_tuition
Goldfish,Goldfish Swim School - Norwalk,Norwalk,CT,41.123157293404,-73.415596576731,street,iclasspro,gssnorwalk,1,prospective,Paramus,36.06,0,586,889,65.9,goldfish_calibrated,derived,35.0,151.55,iclasspro_class_detail_tuition
Goldfish,Goldfish Swim School - Stamford,Stamford,CT,41.082826192552,-73.520075084075,street,iclasspro,gssstamford,1,prospective,Paramus,30.01,0,649,868,74.8,goldfish_calibrated,derived,36.0,155.88,iclasspro_class_detail_tuition
Goldfish,Goldfish Swim School - Bonita Springs,Bonita Springs,FL,26.330257852735,-81.746463891742,street,iclasspro,gssbonitasprings,1,prospective,Pembroke Pines,92.25,0,855,1168,73.2,goldfish_calibrated,derived,34.0,147.22,iclasspro_class_detail_tuition
Goldfish,Goldfish Swim School - Coral Springs,Margate,FL,26.273992163391,-80.199427991398,street,iclasspro,gsscoralsprings,1,prospective,Pembroke Pines,19.47,0,1133,1722,65.8,goldfish_calibrated,derived,30.0,129.9,iclasspro_class_detail_tuition
Goldfish,Goldfish Swim School - Lakewood Ranch,Lakewood Ranch,FL,27.391426153887,-82.441609609294,street,iclasspro,gsslakewoodranch,1,prospective,Pembroke Pines,162.99,0,778,1054,73.8,goldfish_calibrated,derived,32.0,138.56,iclasspro_class_detail_tuition
Goldfish,Goldfish Swim School - Pembroke Pines,Pembroke Pines,FL,26.008500025559,-80.275548724643,street,iclasspro,gsspembrokepines,1,in_ring,Pembroke Pines,1.7,1,1125,1775,63.4,goldfish_calibrated,derived,30.0,129.9,iclasspro_class_detail_tuition
Goldfish,Goldfish Swim School - Royal Palm Beach,Royal Palm Beach,FL,26.680858842016,-80.211307729059,street,iclasspro,gssroyalpalmbeach,1,prospective,Pembroke Pines,46.84,0,955,1436,66.5,goldfish_calibrated,derived,32.0,138.56,iclasspro_class_detail_tuition
Goldfish,Goldfish Swim School - Saint Johns,Saint Johns,FL,30.060110948374,-81.517996748497,street,iclasspro,gsssaintjohns,1,prospective,Pembroke Pines,289.62,0,1017,1432,71.0,goldfish_calibrated,derived,31.0,134.23,iclasspro_class_detail_tuition
Goldfish,Goldfish Swim School - Winter Garden,Winter Garden,FL,28.551015365108,-81.618531689573,street,iclasspro,gsswintergarden,1,prospective,Pembroke Pines,193.39,0,1443,1765,81.8,goldfish_calibrated,derived,32.0,138.56,iclasspro_class_detail_tuition
Goldfish,Goldfish Swim School - Winter Park,Winter Park,FL,28.624534934393,-81.324065036845,street,iclasspro,gsswinterpark,1,prospective,Pembroke Pines,191.35,0,1215,1575,77.1,goldfish_calibrated,derived,32.0,138.56,iclasspro_class_detail_tuition
Goldfish,Goldfish Swim School- Decatur,Decatur,GA,33.825110989877,-84.290422102638,street,iclasspro,gssdecatur,1,in_ring,Atlanta - North Druid Hills,2.39,1,850,1289,65.9,goldfish_calibrated,derived,32.5,140.72,iclasspro_class_detail_tuition
Goldfish,Goldfish Swim School - Hamilton Mill,Dacula,GA,34.072703380747,-83.911721079338,street,iclasspro,gsshamiltonmill,1,prospective,Johns Creek,17.81,0,1212,1916,63.3,goldfish_calibrated,derived,32.5,140.72,iclasspro_class_detail_tuition
Goldfish,Goldfish Swim School - Johns Creek,Johns Creek,GA,34.028600941891,-84.189460776395,street,iclasspro,gssjohnscreek,1,in_ring,Johns Creek,2.31,2,1465,1881,77.9,goldfish_calibrated,derived,35.0,151.55,iclasspro_class_detail_tuition
Goldfish,Goldfish Swim School - Roswell Village,Roswell,GA,34.033787730428,-84.341926968169,street,iclasspro,gssroswellvillage,1,in_ring,Roswell,0.71,3,521,899,58.0,goldfish_calibrated,derived,32.5,140.72,iclasspro_class_detail_tuition
Goldfish,Goldfish Swim School - Sandy Springs,Sandy Springs,GA,33.927892909524,-84.379071235575,street,iclasspro,gsssandysprings,1,in_ring,Atlanta - North Druid Hills,7.49,3,900,1302,69.1,goldfish_calibrated,derived,32.5,140.72,iclasspro_class_detail_tuition
Goldfish,Goldfish Swim School - Urbandale,Urbandale,IA,41.627918875142,-93.736456688644,street,iclasspro,gssurbandale,1,prospective,O'Fallon,253.8,0,689,1062,64.9,goldfish_calibrated,derived,31.0,134.23,iclasspro_class_detail_tuition
Goldfish,Goldfish Swim School - Boise,Boise,ID,43.613701135733,-116.284258180834,street,iclasspro,gssboise,1,prospective,Cottonwood Heights,306.99,0,981,1291,76.0,goldfish_calibrated,derived,29.0,125.57,iclasspro_class_detail_tuition
Goldfish,Goldfish Swim School - Nampa,Nampa,ID,43.594920692721,-116.509722696458,street,iclasspro,gssnampa,1,prospective,Cottonwood Heights,314.8,0,925,1121,82.5,goldfish_calibrated,derived,29.0,125.57,iclasspro_class_detail_tuition
Goldfish,Goldfish Algonquin,Algonquin,IL,42.164143157259,-88.33552504171,street,iclasspro,gssalgonquin,1,prospective,Hoffman Estates,12.81,0,772,922,83.7,goldfish_calibrated,derived,35.0,151.55,iclasspro_class_detail_tuition
Goldfish,Goldfish Swim School - Arlington Heights,Arlington Heights,IL,42.114962909946,-87.98399653744,street,iclasspro,gssarlingtonheights,1,in_ring,Buffalo Grove,3.05,2,834,1019,81.8,goldfish_calibrated,derived,35.0,151.55,iclasspro_class_detail_tuition
Goldfish,Goldfish Swim School - Burr Ridge,Burr Ridge,IL,41.761416397902,-87.934916166376,street,iclasspro,gssburrridge,1,in_ring,Naperville,9.32,2,,,,not_sized,none,,,
Goldfish,Goldfish Swim School - Elmhurst,Elmhurst,IL,41.917173338602,-87.938516943332,street,iclasspro,gsselmhurst,1,in_ring,Geneva,7.39,3,906,1204,75.2,goldfish_calibrated,derived,35.0,151.55,iclasspro_class_detail_tuition
Goldfish,Goldfish Swim School - Evanston,Evanston,IL,42.041038379862,-87.700855557527,street,iclasspro,gssevanston,1,in_ring,Wilmette,3.92,4,478,664,72.0,goldfish_calibrated,derived,35.0,151.55,iclasspro_class_detail_tuition
Goldfish,Goldfish Swim School - Glen Ellyn,Glen Ellyn,IL,41.859285878233,-88.065221263738,street,iclasspro,gssglenellyn,1,in_ring,Geneva,0.47,3,897,1083,82.8,goldfish_calibrated,derived,35.0,151.55,iclasspro_class_detail_tuition
Goldfish,Goldfish Swim School - Lincoln Park,Chicago,IL,41.92419441744,-87.669071232465,street,iclasspro,gsslincolnpark,1,in_ring,Chicago - Lincoln Park,0.19,3,1141,1629,70.0,goldfish_calibrated,derived,33.0,142.89,iclasspro_class_detail_tuition
Goldfish,Goldfish Swim School - Mundelein,Mundelein,IL,42.243260089552,-87.994008554331,street,iclasspro,gssmundelein,1,in_ring,Buffalo Grove,6.34,1,1330,1594,83.4,goldfish_calibrated,derived,35.0,151.55,iclasspro_class_detail_tuition
Goldfish,Goldfish Swim School - Naperville,Naperville,IL,41.774775222854,-88.189945005317,street,iclasspro,gssnaperville,1,in_ring,Naperville,4.19,2,1025,1316,77.9,goldfish_calibrated,derived,35.0,151.55,iclasspro_class_detail_tuition
Goldfish,Goldfish Swim School - Northbrook,Northbrook,IL,42.13829481896,-87.855960248343,street,iclasspro,gssnorthbrook,1,in_ring,Buffalo Grove,5.43,3,649,854,76.0,goldfish_calibrated,derived,35.0,151.55,iclasspro_class_detail_tuition
Goldfish,Goldfish Swim School - Park Ridge,Park Ridge,IL,42.019877559795,-87.843333764184,street,iclasspro,gssparkridge,1,in_ring,Niles,2.11,3,601,866,69.4,goldfish_calibrated,derived,35.0,151.55,iclasspro_class_detail_tuition
Goldfish,Goldfish Swim School - Plainfield,Plainfield,IL,41.658667286987,-88.201875927553,street,iclasspro,gssplainfield,1,in_ring,Naperville,7.79,1,1526,1821,83.8,goldfish_calibrated,derived,33.0,142.89,iclasspro_class_detail_tuition
Goldfish,Goldfish Swim School - Roscoe Village,Chicago,IL,41.949517433401,-87.693424229012,street,iclasspro,gssroscoevillage,1,in_ring,Chicago - North Center,0.68,4,1134,1479,76.7,goldfish_calibrated,derived,33.0,142.89,iclasspro_class_detail_tuition
Goldfish,Goldfish Swim School - St Charles,St. Charles,IL,41.904039442717,-88.274757082547,street,iclasspro,gssstcharles,1,prospective,Glendale Heights,10.19,0,1101,1343,82.0,goldfish_calibrated,derived,35.0,151.55,iclasspro_class_detail_tuition
Goldfish,Goldfish Swim School - Wicker Park,Chicago,IL,41.889809027579,-87.675495814151,street,iclasspro,gsswickerpark,1,in_ring,Chicago - Lincoln Park,2.45,2,1959,2534,77.3,goldfish_calibrated,derived,33.0,142.89,iclasspro_class_detail_tuition
Goldfish,Goldfish Swim School - Carmel,Carmel,IN,39.958664140586,-86.119877491918,street,iclasspro,gsscarmel,1,prospective,Noblesville,10.29,0,1203,2040,59.0,goldfish_calibrated,derived,27.71,120.0,iclasspro_class_detail_tuition
Goldfish,Goldfish Swim School - Fishers,Fishers,IN,39.957479877423,-85.91712215272,street,iclasspro,gssfishers,1,in_ring,Noblesville,2.38,1,802,1383,58.0,goldfish_calibrated,derived,27.71,120.0,iclasspro_class_detail_tuition
Goldfish,Goldfish Swim School - Greenwood,Greenwood,IN,39.605875945625,-86.156393039919,street,iclasspro,gssgreenwood,1,prospective,Noblesville,29.16,0,1054,1842,57.2,goldfish_calibrated,derived,27.71,120.0,iclasspro_class_detail_tuition
Goldfish,Goldfish Swim School - Lenexa,Lenexa,KS,38.972987136535,-94.771634655279,street,iclasspro,gsslenexa,1,prospective,O'Fallon,219.41,0,768,1027,74.8,goldfish_calibrated,derived,32.1,139.0,iclasspro_class_detail_tuition
Goldfish,Goldfish Swim School - Overland Park,Overland Park,KS,38.912842139064,-94.673942032807,street,iclasspro,gssoverlandpark,1,prospective,O'Fallon,214.03,0,1039,1316,79.0,goldfish_calibrated,derived,32.1,139.0,iclasspro_class_detail_tuition
Goldfish,"Goldfish Swim School - Nicholasville Rd., Lex",Lexington,KY,37.999616237619,-84.520569354664,street,iclasspro,gssnicholasvillerdlexington,1,prospective,Noblesville,156.99,0,580,996,58.2,goldfish_calibrated,derived,33.0,142.89,iclasspro_class_detail_tuition
Goldfish,Goldfish Swim School - St. Matthews,Louisville,KY,38.259289501031,-85.64304859103,street,iclasspro,gssstmatthews,1,prospective,Noblesville,120.59,0,803,1228,65.4,goldfish_calibrated,derived,33.0,142.89,iclasspro_class_detail_tuition
Goldfish,Goldfish Swim School - Braintree,Braintree,MA,42.210863236252,-71.019891586836,street,iclasspro,gssbraintree,1,prospective,Framingham,20.61,0,932,1472,63.3,goldfish_calibrated,derived,37.0,160.21,iclasspro_class_detail_tuition
Goldfish,Goldfish Swim School - Brookline,Brookline,MA,42.333892860779,-71.118419867156,street,iclasspro,gssbrookline,1,prospective,Framingham,14.57,0,999,1340,74.6,goldfish_calibrated,derived,40.0,173.2,iclasspro_class_detail_tuition
Goldfish,Goldfish Swim School - Burlington,Burlington,MA,42.49772820292,-71.224690249287,street,iclasspro,gssburlington,1,prospective,Framingham,15.95,0,1361,1761,77.3,goldfish_calibrated,derived,40.0,173.2,iclasspro_class_detail_tuition
Goldfish,Goldfish Swim School – Danvers,Danvers,MA,42.550823582054,-70.937402947017,street,iclasspro,gssdanvers,1,prospective,Methuen,17.59,0,1204,1480,81.4,goldfish_calibrated,derived,38.0,164.54,iclasspro_class_detail_tuition
Goldfish,Goldfish Swim School - Marlborough,Marlborough,MA,42.3509,-71.5434,zip_centroid,iclasspro,gssmarlborough,1,in_ring,Framingham,7.86,1,1343,1857,72.3,goldfish_calibrated,derived,37.0,160.21,iclasspro_class_detail_tuition
Goldfish,Goldfish Swim School - Milford,Milford,MA,42.153665115426,-71.48933925996,street,iclasspro,gssmilford,1,prospective,Framingham,11.53,0,1375,1808,76.1,goldfish_calibrated,derived,42.0,181.86,iclasspro_class_detail_tuition
Goldfish,Goldfish Swim School - Needham,Needham,MA,42.300760465547,-71.212761735514,street,iclasspro,gssneedham,1,in_ring,Framingham,9.65,1,1022,1278,80.0,goldfish_calibrated,derived,40.0,173.2,iclasspro_class_detail_tuition
Goldfish,Goldfish Swim School North Attleboro,North Attleboro,MA,41.939690500373,-71.349248700773,street,iclasspro,gssnorthattleboro,1,prospective,Framingham,25.53,0,1309,1692,77.4,goldfish_calibrated,derived,37.0,160.21,iclasspro_class_detail_tuition
Goldfish,Goldfish Swim School - Norwood,Norwood,MA,42.170055733064,-71.192798797895,street,iclasspro,gssnorwood,1,prospective,Framingham,14.27,0,742,1072,69.2,goldfish_calibrated,derived,37.0,160.21,iclasspro_class_detail_tuition
Goldfish,Goldfish Swim School - Rockland,Rockland,MA,42.1593626611,-70.908947316168,street,iclasspro,gssrockland,1,prospective,Framingham,27.18,0,1057,1930,54.8,goldfish_calibrated,derived,34.0,147.22,iclasspro_class_detail_tuition
Goldfish,Goldfish Swim School - Westford,Westford,MA,42.563314964534,-71.421902283895,street,iclasspro,gsswestford,1,prospective,Methuen,17.01,0,,,,not_sized,none,,,
Goldfish,Goldfish Swim School - Columbia,Columbia,MD,39.178459520571,-76.829126258032,street,iclasspro,gsscolumbia,1,in_ring,Columbia,3.37,1,1225,1515,80.9,goldfish_calibrated,derived,42.0,181.86,iclasspro_class_detail_tuition
Goldfish,"Frederick, Maryland",Frederick,MD,39.396076438323,-77.431162378312,street,iclasspro,gssfrederick,1,prospective,Germantown,17.13,0,1147,1658,69.2,goldfish_calibrated,derived,42.0,181.86,iclasspro_class_detail_tuition
Goldfish,Goldfish Swim School - Gaithersburg,Gaithersburg,MD,39.121914814114,-77.235517909382,street,iclasspro,gssgaithersburg,1,in_ring,Germantown,4.53,1,1048,1770,59.2,goldfish_calibrated,derived,40.0,173.2,iclasspro_class_detail_tuition
Goldfish,Goldfish Swim School - Owings Mills,Owings Mills,MD,39.441063453093,-76.775804440255,street,iclasspro,gssowingsmills,1,prospective,Columbia,15.0,0,847,1433,59.1,goldfish_calibrated,derived,33.0,142.89,iclasspro_class_detail_tuition
Goldfish,Goldfish Swim School - Rockville,Rockville,MD,39.061730286006,-77.1241965297,street,iclasspro,gssrockville,1,prospective,Germantown,11.4,0,1219,1634,74.6,goldfish_calibrated,derived,40.0,173.2,iclasspro_class_detail_tuition
Goldfish,Goldfish Swim School - Silver Spring,Silver Spring,MD,39.050603231995,-76.971943804549,street,iclasspro,gsssilverspring,1,prospective,Columbia,14.62,0,1264,1679,75.3,goldfish_calibrated,derived,42.0,181.86,iclasspro_class_detail_tuition
Goldfish,Goldfish Swim School Timonium,Timonium,MD,39.443579029806,-76.627528732045,street,iclasspro,gsstimonium,1,prospective,Columbia,18.19,0,801,1442,55.5,goldfish_calibrated,derived,35.0,151.55,iclasspro_class_detail_tuition
Goldfish,Waugh Chapel,Gambrills,MD,39.053122412654,-76.695755506661,street,iclasspro,gsswaughchapel,1,prospective,Columbia,13.75,0,1211,1537,78.8,goldfish_calibrated,derived,42.0,181.86,iclasspro_class_detail_tuition
Goldfish,Goldfish Swim School Portland,Portland,ME,43.686859276855,-70.319069364849,street,iclasspro,gssportland,1,prospective,Methuen,78.88,0,1518,1797,84.5,goldfish_calibrated,derived,30.02,130.0,iclasspro_class_detail_tuition
Goldfish,Goldfish Swim School - Ann Arbor,Ann Arbor,MI,42.272101634257,-83.775445877133,street,iclasspro,gssannarbor,1,in_ring,Ann Arbor,1.93,1,892,1126,79.2,goldfish_calibrated,derived,30.02,130.0,iclasspro_class_detail_tuition
Goldfish,Goldfish Swim School - Birmingham,Birmingham,MI,42.5403081669,-83.191556031907,street,iclasspro,gssbirmingham,1,prospective,Sterling Heights,10.61,0,1377,1894,72.7,goldfish_calibrated,derived,30.0,129.9,iclasspro_class_detail_tuition
Goldfish,Goldfish Swim School - Canton,Canton,MI,42.306557708671,-83.47731414332,street,iclasspro,gsscanton,1,prospective,Ann Arbor,14.99,0,1144,1842,62.1,goldfish_calibrated,derived,27.71,120.0,iclasspro_class_detail_tuition
Goldfish,Goldfish Swim School - Clarkston,Clarkston,MI,42.727313029619,-83.381719634153,street,iclasspro,gssclarkston,1,prospective,Sterling Heights,21.29,0,946,1294,73.1,goldfish_calibrated,derived,30.0,129.9,iclasspro_class_detail_tuition
Goldfish,Goldfish Swim School - Farmington Hills,Farmington Hills,MI,42.455266564921,-83.434269529218,street,iclasspro,gssfarmingtonhills,1,prospective,Ann Arbor,21.97,0,1085,1783,60.9,goldfish_calibrated,derived,27.71,120.0,iclasspro_class_detail_tuition
Goldfish,Goldfish Swim School - Grand Rapids,Grand  Rapids,MI,42.911899767397,-85.508134442568,street,iclasspro,gssgrandrapids,1,prospective,Ann Arbor,100.14,0,924,1390,66.5,goldfish_calibrated,derived,29.0,125.57,iclasspro_class_detail_tuition
Goldfish,Grandville,Grandville,MI,42.875280593817,-85.762454228722,street,iclasspro,gssgrandville,1,prospective,Ann Arbor,110.81,0,1033,1613,64.0,goldfish_calibrated,derived,29.0,125.57,iclasspro_class_detail_tuition
Goldfish,Goldfish Swim School Knapps Crossing,Grand Rapids,MI,43.004320568365,-85.590046678114,street,iclasspro,gssknappscrossing,1,prospective,Ann Arbor,106.78,0,991,1367,72.5,goldfish_calibrated,derived,29.0,125.57,iclasspro_class_detail_tuition
Goldfish,Goldfish Swim School - Macomb,Macomb,MI,42.628595880558,-82.938550089282,street,iclasspro,gssmacomb,1,in_ring,Sterling Heights,3.67,1,1133,2024,56.0,goldfish_calibrated,derived,27.71,120.0,iclasspro_class_detail_tuition
Goldfish,Goldfish Swim School - Okemos,Okemos,MI,42.728769194556,-84.409147131198,street,iclasspro,gssokemos,1,prospective,Ann Arbor,46.96,0,1071,1480,72.4,goldfish_calibrated,derived,30.02,130.0,iclasspro_class_detail_tuition
Goldfish,Goldfish Swim School - Rochester,Rochester,MI,42.677169133062,-83.122287084008,street,iclasspro,gssrochester,1,in_ring,Sterling Heights,8.17,1,1123,1699,66.1,goldfish_calibrated,derived,27.71,120.0,iclasspro_class_detail_tuition
Goldfish,West Bloomfield,West Bloomfield,MI,42.545814144,-83.360782579368,street,iclasspro,gsswestbloomfield,1,prospective,Sterling Heights,18.75,0,984,1804,54.5,goldfish_calibrated,derived,30.0,129.9,iclasspro_class_detail_tuition
Goldfish,Goldfish Swim School - Eagan,Eagan,MN,44.83143187861,-93.163475447476,street,iclasspro,gsseagan,1,prospective,Hoffman Estates,316.88,0,399,709,56.3,goldfish_calibrated,derived,31.0,134.23,iclasspro_class_detail_tuition
Goldfish,Goldfish Swim School - Minnetonka,Minnetonka,MN,44.92003213883,-93.503178164444,street,iclasspro,gssminnetonka,1,prospective,Hoffman Estates,334.01,0,1031,1775,58.1,goldfish_calibrated,derived,30.0,129.9,iclasspro_class_detail_tuition
Goldfish,Goldfish Swim School - Oakdale,Oakdale,MN,44.963124089872,-92.961990453838,street,iclasspro,gssoakdale,1,prospective,Hoffman Estates,314.46,0,613,1355,45.2,goldfish_calibrated,derived,31.0,134.23,iclasspro_class_detail_tuition
Goldfish,Goldfish Swim School - Warson Woods,Warson Woods,MO,38.604034940465,-90.382434921729,street,iclasspro,gsswarsonwoods,1,prospective,O'Fallon,20.94,0,956,1300,73.5,goldfish_calibrated,derived,35.0,151.55,iclasspro_class_detail_tuition
Goldfish,Goldfish Swim School - Cary,Cary,NC,35.717081128643,-78.787862812713,street,iclasspro,gsscary,1,in_ring,Apex,5.14,1,924,1077,85.8,goldfish_calibrated,derived,28.75,124.49,iclasspro_class_detail_tuition
Goldfish,Goldfish Swim School - Chapel Hill,Chapel Hill,NC,35.936291846328,-79.023305990247,street,iclasspro,gsschapelhill,1,prospective,Apex,15.69,0,,,,not_sized,none,,,
Goldfish,Goldfish Swim School - Charlotte,Charlotte,NC,35.11258308492,-80.960535197189,street,iclasspro,gsscharlotte,1,in_ring,Charlotte - Pineville,6.56,1,808,1072,75.4,goldfish_calibrated,derived,32.0,138.56,iclasspro_class_detail_tuition
Goldfish,Greensboro,Greensboro,NC,36.123441748437,-79.846322642667,street,iclasspro,gssgreensboro,1,prospective,Apex,60.41,0,771,1079,71.5,goldfish_calibrated,derived,34.0,147.22,iclasspro_class_detail_tuition
Goldfish,Goldfish Swim School - Wake Forest,Raleigh,NC,35.945749113517,-78.543370207852,street,iclasspro,gsswakeforest,1,prospective,Apex,23.1,0,740,926,79.9,goldfish_calibrated,derived,28.75,124.49,iclasspro_class_detail_tuition
Goldfish,Goldfish Swim School Sarpy County,Papillion,NE,41.152804380686,-96.022868999534,street,iclasspro,gsssarpycounty,1,prospective,O'Fallon,326.04,0,620,1135,54.6,goldfish_calibrated,derived,30.0,129.9,iclasspro_class_detail_tuition
Goldfish,Goldfish Swim School - West Omaha,Omaha,NE,41.236230684787,-96.121606877946,street,iclasspro,gsswestomaha,1,prospective,O'Fallon,333.31,0,703,1214,57.9,goldfish_calibrated,derived,30.0,129.9,iclasspro_class_detail_tuition
Goldfish,Goldfish Swim School - Closter,Closter,NJ,40.974404871402,-73.95519115392,street,iclasspro,gsscloster,1,in_ring,Paramus,6.13,1,1659,1893,87.6,goldfish_calibrated,derived,35.0,151.55,iclasspro_class_detail_tuition
Goldfish,Goldfish Swim School - Denville,Denville,NJ,40.8897,-74.4844,zip_centroid,iclasspro,gssdenville,1,prospective,Short Hills,14.17,0,1272,1956,65.0,goldfish_calibrated,derived,33.0,142.89,iclasspro_class_detail_tuition
Goldfish,Goldfish Swim School - Edison,Edison,NJ,40.5171,-74.3973,zip_centroid,iclasspro,gssedison,1,in_ring,North Brunswick,6.25,2,1144,1608,71.1,goldfish_calibrated,derived,32.5,140.72,iclasspro_class_detail_tuition
Goldfish,Goldfish Swim School - Livingston,Livingston,NJ,40.7896,-74.3202,zip_centroid,iclasspro,gsslivingston,1,in_ring,Short Hills,4.84,2,2052,2566,80.0,goldfish_calibrated,derived,35.5,153.72,iclasspro_class_detail_tuition
Goldfish,Goldfish Swim School - Manalapan,Manalapan,NJ,40.310174198984,-74.304242565552,street,iclasspro,gssmanalapan,1,prospective,North Brunswick,13.65,0,945,1515,62.4,goldfish_calibrated,derived,33.0,142.89,iclasspro_class_detail_tuition
Goldfish,Goldfish Swim School - Middletown,Red Bank,NJ,40.380065996652,-74.091995231091,street,iclasspro,gssmiddletown,1,prospective,North Brunswick,21.15,0,868,1521,57.1,goldfish_calibrated,derived,33.0,142.89,iclasspro_class_detail_tuition
Goldfish,Goldfish Swim School - Princeton,Princeton,NJ,40.353408777874,-74.64718751858,street,iclasspro,gssprinceton,1,prospective,North Brunswick,11.11,0,1349,1942,69.5,goldfish_calibrated,derived,34.0,147.22,iclasspro_class_detail_tuition
Goldfish,Goldfish Swim School – Springfield,Springfield,NJ,40.6849695213,-74.326533122822,street,iclasspro,gssspringfield,1,in_ring,Short Hills,2.45,2,1858,2412,77.0,goldfish_calibrated,derived,35.5,153.72,iclasspro_class_detail_tuition
Goldfish,Goldfish Swim School-Wayne,Wayne,NJ,40.975896981109,-74.276178814643,street,iclasspro,gsswayne,1,in_ring,Wayne,3.25,2,1034,1793,57.7,goldfish_calibrated,derived,33.0,142.89,iclasspro_class_detail_tuition
Goldfish,Goldfish Swim School -Wyckoff,Wyckoff,NJ,41.010692370583,-74.167438275088,street,iclasspro,gsswyckoff,1,in_ring,Wayne,4.68,3,1534,1929,79.5,goldfish_calibrated,derived,35.0,151.55,iclasspro_class_detail_tuition
Goldfish,Goldfish Swim School - Summerlin,Las Vegas,NV,36.115040904192,-115.305305096877,street,iclasspro,gsssummerlin,1,prospective,Tustin,217.17,0,675,767,88.0,goldfish_calibrated,derived,28.0,121.24,iclasspro_class_detail_tuition
Goldfish,Goldfish Swim School - Astoria,Astoria,NY,40.755716939556,-73.928047510458,street,iclasspro,gssastoria,1,prospective,Paramus,15.13,0,1791,2678,66.9,goldfish_calibrated,derived,44.0,190.52,iclasspro_class_detail_tuition
Goldfish,Goldfish Swim School - Centereach,Centereach,NY,40.859925865494,-73.08252071153,street,iclasspro,gsscentereach,1,prospective,Paramus,51.78,0,1333,1816,73.4,goldfish_calibrated,derived,36.0,155.88,iclasspro_class_detail_tuition
Goldfish,Goldfish Swim School - Clifton Park,Clifton Park,NY,42.870060457622,-73.821780534516,street,iclasspro,gsscliftonpark,1,prospective,Shrewsbury,113.18,0,595,871,68.3,goldfish_calibrated,derived,38.0,164.54,iclasspro_class_detail_tuition
Goldfish,Goldfish Swim School - Colonie,Albany,NY,42.719292678556,-73.805188286909,street,iclasspro,gsscolonie,1,prospective,Shrewsbury,109.13,0,895,1117,80.1,goldfish_calibrated,derived,38.0,164.54,iclasspro_class_detail_tuition
Goldfish,GOLDFISH SWIM SCHOOL - COMMACK,Commack,NY,40.842968073795,-73.295190950739,street,iclasspro,gsscommack,1,prospective,Paramus,40.96,0,964,1612,59.8,goldfish_calibrated,derived,38.0,164.54,iclasspro_class_detail_tuition
Goldfish,Goldfish Swim School - Farmingdale,Farmingdale,NY,40.7315,-73.4327,zip_centroid,iclasspro,gssfarmingdale,1,prospective,Paramus,36.38,0,1326,2069,64.1,goldfish_calibrated,derived,38.0,164.54,iclasspro_class_detail_tuition
Goldfish,Goldfish Swim School - Flushing,Flushing,NY,40.759277615819,-73.833820648472,street,iclasspro,gssflushing,1,prospective,Paramus,17.84,0,1100,1780,61.8,goldfish_calibrated,derived,48.0,207.84,iclasspro_class_detail_tuition
Goldfish,Goldfish Swim School - Garden City,Garden City,NY,40.7245,-73.6487,zip_centroid,iclasspro,gssgardencity,1,prospective,Paramus,26.77,0,1738,2596,66.9,goldfish_calibrated,derived,44.0,190.52,iclasspro_class_detail_tuition
Goldfish,Goldfish Swim School - Glen Oaks,Glen Oaks,NY,40.7481,-73.7114,zip_centroid,iclasspro,gssglenoaks,1,prospective,Paramus,23.15,0,2128,2804,75.9,goldfish_calibrated,derived,44.0,190.52,iclasspro_class_detail_tuition
Goldfish,Goldfish Swim School - Glendale,Glendale,NY,40.707826398779,-73.869392482775,street,iclasspro,gssglendale,1,prospective,Paramus,19.54,0,2269,3133,72.4,goldfish_calibrated,derived,47.0,203.51,iclasspro_class_detail_tuition
Goldfish,Goldfish Swim School - Gowanus,Brooklyn,NY,40.67912657872,-73.98348068668,street,iclasspro,gssgowanus,1,prospective,Woodland Park,18.19,0,2438,3063,79.6,goldfish_calibrated,derived,50.0,216.5,iclasspro_class_detail_tuition
Goldfish,Goldfish Swim School - New Rochelle,New Rochelle,NY,40.900669989625,-73.792038409221,street,iclasspro,gssnewrochelle,1,prospective,Paramus,14.73,0,1450,1955,74.2,goldfish_calibrated,derived,47.0,203.51,iclasspro_class_detail_tuition
Goldfish,Goldfish Swim School - Pittsford,Rochester,NY,43.102190762487,-77.537852611953,street,iclasspro,gsspittsford,1,prospective,Cranberry Township,211.98,0,719,907,79.3,goldfish_calibrated,derived,35.0,151.55,iclasspro_class_detail_tuition
Goldfish,Goldfish Swim School - Staten Island South,Staten Island,NY,40.567762944306,-74.11239802527,street,iclasspro,gssstatenislandsouth,1,prospective,Short Hills,15.6,0,1129,1939,58.2,goldfish_calibrated,derived,44.0,190.52,iclasspro_class_detail_tuition
Goldfish,Goldfish Swim School - Williamsville,Williamsville,NY,42.984711735353,-78.697013396366,street,iclasspro,gsswilliamsville,1,prospective,Cranberry Township,173.62,0,830,1059,78.4,goldfish_calibrated,derived,34.0,147.22,iclasspro_class_detail_tuition
Goldfish,Goldfish Swim School - Yorktown Heights,Yorktown Heights,NY,41.2999,-73.7924,zip_centroid,iclasspro,gssyorktownheights,1,prospective,Paramus,28.23,0,628,902,69.6,goldfish_calibrated,derived,40.0,173.2,iclasspro_class_detail_tuition
Goldfish,Goldfish Swim School - Anderson,Cincinnati,OH,39.072646763256,-84.32552244213,street,iclasspro,gssanderson,1,prospective,Noblesville,106.45,0,713,957,74.5,goldfish_calibrated,derived,33.0,142.89,iclasspro_class_detail_tuition
Goldfish,Goldfish Swim School - Dayton,Dayton,OH,39.630556127881,-84.191870083513,street,iclasspro,gssdayton,1,prospective,Noblesville,95.54,0,1088,1357,80.2,goldfish_calibrated,derived,25.0,108.25,iclasspro_class_detail_tuition
Goldfish,Goldfish Swim School - Dublin,Dublin,OH,40.095108656542,-83.139153128485,street,iclasspro,gssdublin,1,prospective,Noblesville,147.79,0,1167,1991,58.6,goldfish_calibrated,derived,27.71,120.0,iclasspro_class_detail_tuition
Goldfish,Goldfish Swim School - Fairview Park,Fairview Park,OH,41.442682703263,-81.861031464742,street,iclasspro,gssfairviewpark,1,prospective,Sterling Heights,99.07,0,959,1384,69.3,goldfish_calibrated,derived,31.0,134.23,iclasspro_class_detail_tuition
Goldfish,Goldfish Swim School - Hudson,Hudson,OH,41.233153349238,-81.481871318359,street,iclasspro,gsshudson,1,prospective,Cranberry Township,80.73,0,1096,1340,81.8,goldfish_calibrated,derived,36.0,155.88,iclasspro_class_detail_tuition
Goldfish,Goldfish Swim School - Kenwood,Cincinnati,OH,39.210962482095,-84.384433509088,street,iclasspro,gsskenwood,1,prospective,Noblesville,98.34,0,616,892,69.1,goldfish_calibrated,derived,33.0,142.89,iclasspro_class_detail_tuition
Goldfish,Goldfish Swim School - Lewis Center,Lewis Center,OH,40.17417097022,-83.01056058862,street,iclasspro,gsslewiscenter,1,prospective,Ann Arbor,148.4,0,1098,1872,58.7,goldfish_calibrated,derived,27.71,120.0,iclasspro_class_detail_tuition
Goldfish,Goldfish Swim School North Canton,North Canton,OH,40.885718845548,-81.422939991525,street,iclasspro,gssnorthcanton,1,prospective,Cranberry Township,70.14,0,810,1057,76.6,goldfish_calibrated,derived,33.0,142.89,iclasspro_class_detail_tuition
Goldfish,Goldfish Swim School - Strongsville,Strongsville,OH,41.322568365216,-81.836350279869,street,iclasspro,gssstrongsville,1,prospective,Cranberry Township,99.99,0,817,1028,79.5,goldfish_calibrated,derived,32.0,138.56,iclasspro_class_detail_tuition
Goldfish,Goldfish Swim School - Sylvania,Sylvania,OH,41.704622687692,-83.696548832442,street,iclasspro,gsssylvania,1,prospective,Ann Arbor,37.6,0,468,630,74.3,goldfish_calibrated,derived,36.0,155.88,iclasspro_class_detail_tuition
Goldfish,Goldfish Upper Arlington,Upper Arlington,OH,40.00040004014,-83.07702052388,street,iclasspro,gssupperarlington,1,prospective,Noblesville,151.01,0,885,1658,53.4,goldfish_calibrated,derived,28.64,124.0,iclasspro_class_detail_tuition
Goldfish,Goldfish Swim School - West Chester,West Chester,OH,39.34686171398,-84.395118191288,street,iclasspro,gsswestchester,1,prospective,Noblesville,92.96,0,1230,1530,80.4,goldfish_calibrated,derived,33.0,142.89,iclasspro_class_detail_tuition
Goldfish,Goldfish Swim School - Westerville,Westerville,OH,40.106137085806,-82.932373334908,street,iclasspro,gsswesterville,1,prospective,Ann Arbor,154.03,0,983,1482,66.3,goldfish_calibrated,derived,27.71,120.0,iclasspro_class_detail_tuition
Goldfish,Goldfish Swim School - Edmond,Edmond,OK,35.619092482437,-97.513915730634,street,iclasspro,gssedmond,1,prospective,Frisco,173.72,0,669,1304,51.3,goldfish_calibrated,derived,30.0,129.9,iclasspro_class_detail_tuition
Goldfish,Goldfish Swim School - Moore,Moore,OK,35.313305681502,-97.494347912602,street,iclasspro,gssmoore,1,prospective,Frisco,152.86,0,617,1286,48.0,goldfish_calibrated,derived,35.0,151.55,iclasspro_class_detail_tuition
Goldfish,"Goldfish Swim School - Burlington, Ontario",Burlington,ON,42.4899908,-71.2320997,city_centroid,iclasspro,gssburlingtonont,1,prospective,Framingham,15.3,0,831,954,87.1,goldfish_calibrated,derived,32.5,140.72,iclasspro_class_detail_tuition
Goldfish,Goldfish Swim School - Oakville,Oakville,ON,34.0018306,-117.5797954,city_centroid,iclasspro,gssoakville,1,prospective,Tustin,22.79,0,1506,1733,86.9,goldfish_calibrated,derived,32.5,140.72,iclasspro_class_detail_tuition
Goldfish,Goldfish Swim School - West Linn,West Linn,OR,45.345924883746,-122.652326699915,street,iclasspro,gsswestlinn,1,prospective,Cottonwood Heights,635.18,0,879,1193,73.7,goldfish_calibrated,derived,40.0,173.2,iclasspro_class_detail_tuition
Goldfish,Goldfish Swim School - Bethlehem,Bethlehem,PA,40.657364332844,-75.355392623463,street,iclasspro,gssbethlehem,1,prospective,Warminster,33.64,0,1073,1457,73.6,goldfish_calibrated,derived,32.0,138.56,iclasspro_class_detail_tuition
Goldfish,Goldfish Swim School - Doylestown,Warrington,PA,40.263960548543,-75.130815299473,street,iclasspro,gssdoylestown,1,in_ring,Warminster,4.02,1,814,1006,80.9,goldfish_calibrated,derived,32.0,138.56,iclasspro_class_detail_tuition
Goldfish,Goldfish Swim School - Fort Washington,Fort Washington,PA,40.137941168181,-75.20301773051,street,iclasspro,gssfortwashington,1,in_ring,Warminster,7.16,1,1383,2082,66.4,goldfish_calibrated,derived,32.0,138.56,iclasspro_class_detail_tuition
Goldfish,Goldfish Swim School - Fox Chapel,Pittsburgh,PA,40.48766539427,-79.882175789053,street,iclasspro,gssfoxchapel,1,prospective,Cranberry Township,18.79,0,1345,1890,71.2,goldfish_calibrated,derived,40.0,173.2,iclasspro_class_detail_tuition
Goldfish,Goldfish Swim School - Langhorne,Langhorne,PA,40.181777845245,-74.876461568286,street,iclasspro,gsslanghorne,1,in_ring,Fairless Hills,2.37,1,843,1244,67.8,goldfish_calibrated,derived,38.0,164.54,iclasspro_class_detail_tuition
Goldfish,Goldfish Swim School - Malvern,Malvern,PA,40.039170526937,-75.549456266072,street,iclasspro,gssmalvern,1,in_ring,Paoli,3.4,1,809,1019,79.4,goldfish_calibrated,derived,33.0,142.89,iclasspro_class_detail_tuition
Goldfish,Goldfish Swim School - Media,Media,PA,39.913176345093,-75.437304132577,street,iclasspro,gssmedia,1,in_ring,Springfield - Delco,5.79,2,1061,1384,76.7,goldfish_calibrated,derived,33.0,142.89,iclasspro_class_detail_tuition
Goldfish,Goldfish Swim School - Oaks,Oaks,PA,40.1334,-75.4536,zip_centroid,iclasspro,gssoaks,1,in_ring,Paoli,6.55,1,1264,1880,67.2,goldfish_calibrated,derived,32.0,138.56,iclasspro_class_detail_tuition
Goldfish,Goldfish Swim School - Peters Township,McMurray,PA,40.26505015147,-80.126600915022,street,iclasspro,gsspeterstownship,1,prospective,Cranberry Township,30.14,0,1141,1617,70.6,goldfish_calibrated,derived,40.0,173.2,iclasspro_class_detail_tuition
Goldfish,Goldfish Swim School - Wexford,Wexford,PA,40.616633593348,-80.053131508155,street,iclasspro,gsswexford,1,in_ring,Cranberry Township,6.41,1,1519,2329,65.2,goldfish_calibrated,derived,40.0,173.2,iclasspro_class_detail_tuition
Goldfish,"Warwick, RI",Warwick,RI,41.718346254941,-71.46419919668,street,iclasspro,gsswarwick,1,prospective,Dartmouth,25.19,0,1376,1796,76.6,goldfish_calibrated,derived,36.0,155.88,iclasspro_class_detail_tuition
Goldfish,Goldfish Swim School - Greenville,Greenville,SC,34.847197593529,-82.339817034678,street,iclasspro,gssgreenville,1,prospective,Charlotte - Pineville,86.05,0,691,901,76.7,goldfish_calibrated,derived,34.0,147.22,iclasspro_class_detail_tuition
Goldfish,Goldfish Swim School - Lexington,Lexington,SC,33.961364064696,-81.231452731267,street,iclasspro,gsslexington,1,prospective,Charlotte - Pineville,80.81,0,874,1092,80.0,goldfish_calibrated,derived,34.0,147.22,iclasspro_class_detail_tuition
Goldfish,Goldfish Swim School - Franklin,Franklin,TN,35.915861407408,-86.832136945718,street,iclasspro,gssfranklin,1,prospective,Sandy Plains,186.66,0,877,1151,76.2,goldfish_calibrated,derived,38.0,164.54,iclasspro_class_detail_tuition
Goldfish,Goldfish Swim School - Bandera Pointe,San Antonio,TX,29.551143238042,-98.664734552034,street,iclasspro,gssbanderapointe,1,prospective,Austin - Central,78.33,0,682,908,75.1,goldfish_calibrated,derived,32.0,138.56,iclasspro_class_detail_tuition
Goldfish,Goldfish Swim School - Houston Heights,Houston,TX,29.797560502199,-95.446239902778,street,iclasspro,gsshoustonheights,1,prospective,Richmond - Aliana,18.36,0,843,1090,77.3,goldfish_calibrated,derived,32.0,138.56,iclasspro_class_detail_tuition
Goldfish,Goldfish Swim School - Katy,Richmond,TX,29.6436,-95.798,zip_centroid,iclasspro,gsskaty,1,in_ring,Richmond - Aliana,5.79,2,726,953,76.2,goldfish_calibrated,derived,30.0,129.9,iclasspro_class_detail_tuition
Goldfish,Goldfish Swim School - Northwest Hills,Austin,TX,30.370458349949,-97.75782581038,street,iclasspro,gssnorthwesthills,1,in_ring,Austin - Central,4.41,1,430,706,60.9,goldfish_calibrated,derived,36.0,155.88,iclasspro_class_detail_tuition
Goldfish,South Austin,Austin,TX,30.196354002679,-97.847325608867,street,iclasspro,gsssouthaustin,1,prospective,Austin - Central,12.14,0,914,1446,63.2,goldfish_calibrated,derived,36.0,155.88,iclasspro_class_detail_tuition
Goldfish,Goldfish Swim School-Spring,Spring,TX,30.0377,-95.5326,zip_centroid,iclasspro,gssspring,1,prospective,Katy,27.21,0,316,589,53.7,goldfish_calibrated,derived,30.0,129.9,iclasspro_class_detail_tuition
Goldfish,Goldfish Swim School - Sugarland,Sugar Land,TX,29.5785,-95.6066,zip_centroid,iclasspro,gsssugarland,1,in_ring,Richmond - Aliana,7.64,1,617,908,68.0,goldfish_calibrated,derived,30.0,129.9,iclasspro_class_detail_tuition
Goldfish,GSS- Webster TX,Webster,TX,29.532072782786,-95.133282209975,street,iclasspro,gsswebster,1,prospective,Richmond - Aliana,35.15,0,,,,not_sized,none,27.0,116.91,iclasspro_class_detail_tuition
Goldfish,Goldfish Swim School - West Houston,Houston,TX,29.747501189529,-95.605916010991,street,iclasspro,gsswesthouston,1,in_ring,Richmond - Aliana,8.79,1,410,580,70.7,goldfish_calibrated,derived,30.0,129.9,iclasspro_class_detail_tuition
Goldfish,Goldfish Swim School American Fork,American Fork,UT,40.370002166307,-111.785493881649,street,iclasspro,gssamericanfork,1,in_ring,Orem,6.89,2,296,414,71.5,goldfish_calibrated,derived,27.0,116.91,iclasspro_class_detail_tuition
Goldfish,Goldfish Swim School – East Salt Lake,Salt Lake City,UT,40.699789799525,-111.825502581772,street,iclasspro,gsseastsaltlake,1,in_ring,Cottonwood Heights,5.49,1,758,1419,53.4,goldfish_calibrated,derived,30.0,129.9,iclasspro_class_detail_tuition
Goldfish,Goldfish Swim School - South Jordan,South Jordan,UT,40.562305650742,-111.930397976202,street,iclasspro,gsssouthjordan,1,in_ring,Cottonwood Heights,5.86,1,928,1319,70.4,goldfish_calibrated,derived,30.0,129.9,iclasspro_class_detail_tuition
Goldfish,Goldfish Swim School - Alexandria,Alexandria,VA,38.807899746948,-77.084465331625,street,iclasspro,gssalexandria,1,in_ring,Falls Church,5.28,2,1332,1813,73.5,goldfish_calibrated,derived,33.25,143.97,iclasspro_class_detail_tuition
Goldfish,Goldfish Swim School - Ashburn,Ashburn,VA,39.0373,-77.4805,zip_centroid,iclasspro,gssashburn,1,in_ring,Dulles,3.89,1,735,1039,70.7,goldfish_calibrated,derived,33.0,142.89,iclasspro_class_detail_tuition
Goldfish,Goldfish Swim School - Falls Church,Falls Church,VA,38.877057490903,-77.193729555619,street,iclasspro,gssfallschurch,1,in_ring,Falls Church,2.71,3,1050,1534,68.4,goldfish_calibrated,derived,33.25,143.97,iclasspro_class_detail_tuition
Goldfish,Goldfish Swim School - Lake Ridge,Lake Ridge,VA,38.685097617566,-77.317632542027,street,iclasspro,gsslakeridge,1,in_ring,Springfield,9.37,1,691,884,78.2,goldfish_calibrated,derived,32.0,138.56,iclasspro_class_detail_tuition
Goldfish,Goldfish Swim School - Reston,Reston,VA,38.934749988273,-77.374842484429,street,iclasspro,gssreston,1,in_ring,Chantilly,3.93,3,816,1204,67.8,goldfish_calibrated,derived,33.25,143.97,iclasspro_class_detail_tuition
Goldfish,Goldfish Swim School Bellevue,Bellevue,WA,47.572741633856,-122.169533199827,street,iclasspro,gssbellevue,1,prospective,Cottonwood Heights,700.77,0,976,1346,72.5,goldfish_calibrated,derived,45.0,194.85,iclasspro_class_detail_tuition
Goldfish,Goldfish Swim School - Mill Creek,Mill Creek,WA,47.858711176367,-122.220318866911,street,iclasspro,gssmillcreek,1,prospective,Cottonwood Heights,715.28,0,1730,2284,75.7,goldfish_calibrated,derived,42.5,184.03,iclasspro_class_detail_tuition
Goldfish,Goldfish Swim School Puyallup,Puyallup,WA,47.162985863135,-122.293177550839,street,iclasspro,gsspuyallup,1,prospective,Cottonwood Heights,687.73,0,1453,2107,69.0,goldfish_calibrated,derived,36.25,156.96,iclasspro_class_detail_tuition
Goldfish,Goldfish Swim School - Redmond,Redmond,WA,47.670048972714,-122.121398063233,street,iclasspro,gssredmond,1,prospective,Cottonwood Heights,703.35,0,1572,2008,78.3,goldfish_calibrated,derived,46.0,199.18,iclasspro_class_detail_tuition
Goldfish,Goldfish Swim School – Shoreline,Shoreline,WA,47.743861594622,-122.345885396789,street,iclasspro,gssshoreline,1,prospective,Cottonwood Heights,714.63,0,1656,2196,75.4,goldfish_calibrated,derived,41.0,177.53,iclasspro_class_detail_tuition
Goldfish,Goldfish Swim School – Bayshore,Glendale,WI,43.118709498232,-87.915872220954,street,iclasspro,gssbayshore,1,prospective,Buffalo Grove,66.61,0,863,1314,65.7,goldfish_calibrated,derived,28.0,121.24,iclasspro_class_detail_tuition
Goldfish,Goldfish Swim School - Brookfield,Brookfield,WI,43.085981728231,-88.068440574374,street,iclasspro,gssbrookfield,1,prospective,Buffalo Grove,64.55,0,1253,1983,63.2,goldfish_calibrated,derived,28.0,121.24,iclasspro_class_detail_tuition
Goldfish,Goldfish Swim School - Fitchburg,Fitchburg,WI,43.013888034938,-89.478306640582,street,iclasspro,gssfitchburg,1,prospective,Hoffman Estates,95.36,0,1355,2167,62.5,goldfish_calibrated,derived,30.0,129.9,iclasspro_class_detail_tuition
SafeSplash,"SafeSplash Huntsville, AL",Huntsville,AL,34.69399,-86.59288,,iclasspro,huntsvilleal,1,prospective,Sandy Plains,129.66,0,392,524,74.8,seatmodel_unvalidated,derived,26.11,113.07,iclasspro_class_detail_tuition
SafeSplash,"SafeSplash Little Rock (Midtown), AR",Little Rock,AR,34.750736,-92.34247,,iclasspro,littlerockmidtownar,1,prospective,Allen,271.23,0,63,117,53.8,seatmodel_unvalidated,derived,29.0,125.57,iclasspro_class_detail_tuition
SafeSplash,"SafeSplash Gilbert, AZ",Gilbert,AZ,33.32138,-111.791626,,iclasspro,gilbertaz,2,in_ring,Gilbert,3.71,1,168,363,46.3,seatmodel_unvalidated,derived,30.0,129.9,iclasspro_class_detail_tuition
SafeSplash,"SafeSplash Scottsdale, AZ",Scottsdale,AZ,33.63754,-111.87958,,iclasspro,scottsdaleaz,4,prospective,Gilbert,18.72,0,398,567,70.2,seatmodel_unvalidated,derived,30.0,129.9,iclasspro_class_detail_tuition
SafeSplash,"SafeSplash Brea, CA",Brea,CA,33.91865,-117.88609,,iclasspro,breaca,1,prospective,Tustin,14.42,0,16,26,61.5,seatmodel_unvalidated,derived,62.5,270.62,iclasspro_class_detail_tuition
SafeSplash,"SafeSplash Buena Park, CA",Buena Park,CA,33.84512,-117.98662,,iclasspro,buenaparkca,1,in_ring,Lakewood,8.71,1,83,150,55.3,seatmodel_unvalidated,derived,55.0,238.15,iclasspro_class_detail_tuition
SafeSplash,"SafeSplash Campbell (Hillsdale), CA",San Jose,CA,37.2643,-121.91949,,iclasspro,campbellhillsdaleca,1,prospective,Torrance,310.65,0,75,102,73.5,seatmodel_unvalidated,derived,45.32,196.24,iclasspro_class_detail_tuition
SafeSplash,"SafeSplash Citrus Heights, CA",Citrus Heights,CA,38.68723,-121.31005,,iclasspro,citrusheightsca,1,prospective,Torrance,373.85,0,69,120,57.5,seatmodel_unvalidated,derived,30.0,129.9,iclasspro_class_detail_tuition
SafeSplash,"SafeSplash Elk Grove, CA",Elk Grove,CA,38.42509,-121.48291,,iclasspro,elkgroveca,1,prospective,Torrance,362.35,0,294,501,58.7,seatmodel_unvalidated,derived,18.94,82.0,iclasspro_class_detail_tuition
SafeSplash,"SafeSplash Fremont, CA",Fremont,CA,37.53075,-122.00019,,iclasspro,fremontca,1,prospective,Torrance,327.52,0,193,269,71.7,seatmodel_unvalidated,derived,46.0,199.18,iclasspro_class_detail_tuition
SafeSplash,"SafeSplash Fullerton, CA",Fullerton,CA,33.9165,-117.931076,,iclasspro,fullertonca,1,prospective,Lakewood,12.64,0,24,26,92.3,seatmodel_unvalidated,derived,62.5,270.62,iclasspro_class_detail_tuition
SafeSplash,"SafeSplash Hayward (Whipple), CA",Hayward,CA,37.60555,-122.06436,,iclasspro,haywardwhippleca,1,prospective,Torrance,333.75,0,134,195,68.7,seatmodel_unvalidated,derived,40.8,176.66,iclasspro_class_detail_tuition
SafeSplash,"SafeSplash Milpitas, CA",Milpitas,CA,37.43469,-121.89479,,iclasspro,milpitasca,1,prospective,Torrance,318.73,0,136,162,84.0,seatmodel_unvalidated,derived,46.0,199.18,iclasspro_class_detail_tuition
SafeSplash,"SafeSplash Mountain View, CA",Moutain View,CA,37.37926,-122.07532,,iclasspro,mountainviewca,1,prospective,Torrance,322.27,0,207,293,70.6,seatmodel_unvalidated,derived,54.0,233.82,iclasspro_class_detail_tuition
SafeSplash,"SafeSplash Natomas, CA",Sacramento,CA,38.65899,-121.50947,,iclasspro,natomasca,1,prospective,Torrance,377.15,0,850,1105,76.9,seatmodel_unvalidated,derived,32.5,140.72,iclasspro_class_detail_tuition
SafeSplash,"SafeSplash Sacramento (Land Park), CA",Sacramento,CA,38.541977,-121.48263,,iclasspro,sacramentolandparkca,1,prospective,Torrance,369.38,0,208,297,70.0,seatmodel_unvalidated,derived,28.5,123.41,iclasspro_class_detail_tuition
SafeSplash,"SafeSplash San Jose (Crane Court), CA",San Jose,CA,37.37138,-121.91143,,iclasspro,sanjosecranecourtca,1,prospective,Torrance,315.96,0,66,104,63.5,seatmodel_unvalidated,derived,48.0,207.84,iclasspro_class_detail_tuition
SafeSplash,"SafeSplash San Leandro, CA",San Leandro,CA,37.699196,-122.129234,,iclasspro,sanleandroca,1,prospective,Torrance,340.99,0,45,76,59.2,seatmodel_unvalidated,derived,40.8,176.66,iclasspro_class_detail_tuition
SafeSplash,"SafeSplash San Ramon, CA",San Ramon,CA,37.774036,-121.92352,,iclasspro,sanramonca,1,prospective,Torrance,338.06,0,94,492,19.1,seatmodel_unvalidated,derived,43.75,189.44,iclasspro_class_detail_tuition
SafeSplash,"SafeSplash Santa Clara, CA",Santa Clara,CA,37.354156,-121.99741,,iclasspro,santaclaraca,1,prospective,Torrance,318.14,0,238,294,81.0,seatmodel_unvalidated,derived,45.32,196.24,iclasspro_class_detail_tuition
SafeSplash,"SafeSplash Santa Monica (Sunset Park), CA",Santa Monica,CA,34.019512,-118.45084,,iclasspro,santamonicasunsetparkca,1,prospective,Torrance,14.29,0,234,305,76.7,seatmodel_unvalidated,derived,37.25,161.29,iclasspro_class_detail_tuition
SafeSplash,"SafeSplash Torrance (Del Amo), CA",Torrance,CA,33.833416,-118.35416,,iclasspro,torrancedelamoca,1,in_ring,Torrance,0.29,1,129,290,44.5,seatmodel_unvalidated,derived,34.75,150.47,iclasspro_class_detail_tuition
SafeSplash,"SafeSplash Yorba Linda, CA",Yorba Linda,CA,33.88965,-117.82689,,iclasspro,yorbalindaca,1,prospective,Tustin,11.58,0,12,18,66.7,seatmodel_unvalidated,derived,62.5,270.62,iclasspro_class_detail_tuition
SafeSplash,"SafeSplash Arvada, CO",Arvada,CO,39.78946,-105.10968,,iclasspro,arvadaco,1,in_ring,Northglenn,9.26,1,702,882,79.6,seatmodel_unvalidated,derived,40.0,173.2,iclasspro_class_detail_tuition
SafeSplash,"SafeSplash Castle Rock (Abbey Lane), CO",Castle Rock,CO,39.4178,-104.88266,,iclasspro,castlerockabbeylaneco,1,prospective,Centennial,15.02,0,47,84,56.0,seatmodel_unvalidated,derived,30.0,129.9,iclasspro_class_detail_tuition
SafeSplash,"SafeSplash Castle Rock, CO",Castle Rock,CO,39.4098,-104.86966,,iclasspro,castlerockco,1,prospective,Centennial,15.22,0,533,652,81.7,seatmodel_unvalidated,derived,34.0,147.22,iclasspro_class_detail_tuition
SafeSplash,"SafeSplash Colorado Springs (Northgate & I25), CO",Colorado Springs,CO,39.02443,-104.82356,,iclasspro,coloradospringsco,1,prospective,Centennial,40.71,0,701,929,75.5,seatmodel_unvalidated,derived,34.02,147.31,iclasspro_class_detail_tuition
SafeSplash,"SafeSplash Denver (Park Hill), CO",Denver,CO,39.74052,-104.93772,,iclasspro,denverparkhillco,1,prospective,Northglenn,10.69,0,417,510,81.8,seatmodel_unvalidated,derived,40.0,173.2,iclasspro_class_detail_tuition
SafeSplash,"SafeSplash Englewood, CO",Littleton,CO,39.624638,-105.007065,,iclasspro,englewoodco,1,prospective,Centennial,13.51,0,70,97,72.2,seatmodel_unvalidated,derived,28.75,124.49,iclasspro_class_detail_tuition
SafeSplash,"SafeSplash Lakewood (South), CO",Lakewood,CO,39.7135,-105.13276,,iclasspro,lakewoodsouthco,1,prospective,Northglenn,14.23,0,140,187,74.9,seatmodel_unvalidated,derived,28.75,124.49,iclasspro_class_detail_tuition
SafeSplash,"SafeSplash North Aurora (Chambers), CO",Aurora,CO,39.70628,-104.80844,,iclasspro,northaurorachambersco,1,in_ring,Centennial,7.18,1,2,54,3.7,seatmodel_unvalidated,derived,28.75,124.49,iclasspro_class_detail_tuition
SafeSplash,"SafeSplash Columbia Heights, DC",Washington,DC,38.92931,-77.03299,,iclasspro,columbiaheightsdc,1,in_ring,Falls Church,7.35,1,270,396,68.2,seatmodel_unvalidated,derived,48.0,207.84,iclasspro_class_detail_tuition
SafeSplash,"SafeSplash Friendship Heights, DC",Washington,DC,38.960434,-77.08482,,iclasspro,friendshipheightsdc,1,in_ring,Falls Church,7.15,1,200,251,79.7,seatmodel_unvalidated,derived,25.4,110.0,iclasspro_class_detail_tuition
SafeSplash,"SafeSplash Cape Coral, FL",Cape Coral,FL,26.60936,-81.94091,,iclasspro,capecoralfl,1,prospective,Pembroke Pines,109.64,0,214,337,63.5,seatmodel_unvalidated,derived,34.75,150.47,iclasspro_class_detail_tuition
SafeSplash,"SafeSplash Fort Myers, FL",Ft. Myers,FL,26.48955,-81.7895,,iclasspro,fortmyersfl,1,prospective,Pembroke Pines,97.95,0,137,259,52.9,seatmodel_unvalidated,derived,34.75,150.47,iclasspro_class_detail_tuition
SafeSplash,"SafeSplash Lakeland (Park Center), FL",Lakeland,FL,28.097294,-81.95466,,iclasspro,lakelandparkcenterfl,1,prospective,Pembroke Pines,176.55,0,168,285,58.9,seatmodel_unvalidated,derived,34.75,150.47,iclasspro_class_detail_tuition
SafeSplash,"SafeSplash Naples, FL",Naples,FL,26.25197,-81.80373,,iclasspro,naplesfl,1,prospective,Pembroke Pines,94.62,0,98,194,50.5,seatmodel_unvalidated,derived,34.75,150.47,iclasspro_class_detail_tuition
SafeSplash,"SafeSplash Orlando (Conway), FL",Orlando,FL,28.51218,-81.33029,,iclasspro,orlandoconwayfl,1,prospective,Pembroke Pines,184.17,0,82,204,40.2,seatmodel_unvalidated,derived,34.75,150.47,iclasspro_class_detail_tuition
SafeSplash,"SafeSplash Orlando (Goldenrod), FL",Orlando,FL,28.47688,-81.28761,,iclasspro,orlandogoldenrodfl,1,prospective,Pembroke Pines,181.0,0,32,143,22.4,seatmodel_unvalidated,derived,34.75,150.47,iclasspro_class_detail_tuition
SafeSplash,"SafeSplash Stuart, FL",Stuart,FL,27.16442,-80.22883,,iclasspro,stuartfl,1,prospective,Pembroke Pines,80.04,0,282,643,43.9,seatmodel_unvalidated,derived,36.5,158.05,iclasspro_class_detail_tuition
SafeSplash,"SafeSplash Elizabethtown, KY",Elizabethtown,KY,37.71194,-85.83628,,iclasspro,elizabethtownky,1,prospective,Noblesville,157.51,0,224,325,68.9,seatmodel_unvalidated,derived,32.0,138.56,iclasspro_class_detail_tuition
SafeSplash,"SafeSplash Lexington (Palomar), KY",Lexington,KY,38.005013,-84.570335,,iclasspro,lexingtonpalomarky,1,prospective,Noblesville,155.39,0,42,203,20.7,seatmodel_unvalidated,derived,30.0,129.9,iclasspro_class_detail_tuition
SafeSplash,"SafeSplash Lexington, MA",Lexington,MA,42.476974,-71.24982,,iclasspro,lexingtonma,1,prospective,Framingham,14.05,0,133,156,85.3,seatmodel_unvalidated,derived,40.0,173.2,iclasspro_class_detail_tuition
SafeSplash,"SafeSplash Ellicott City, MD",Ellicott City,MD,39.28667,-76.80674,,iclasspro,ellicottcitymd,1,in_ring,Columbia,4.2,1,834,1096,76.1,seatmodel_unvalidated,derived,40.0,173.2,iclasspro_class_detail_tuition
SafeSplash,"SafeSplash Jessup (Columbia), MD",Jessup,MD,39.169422,-76.7858,,iclasspro,jessupcolumbiamd,1,in_ring,Columbia,4.39,1,226,328,68.9,seatmodel_unvalidated,derived,40.0,173.2,iclasspro_class_detail_tuition
SafeSplash,"SafeSplash Laurel, MD",Laurel,MD,39.096836,-76.85197,,iclasspro,laurelmd,1,in_ring,Columbia,9.14,1,253,336,75.3,seatmodel_unvalidated,derived,40.0,173.2,iclasspro_class_detail_tuition
SafeSplash,"SafeSplash Montgomery Village, MD",Montgomery Village,MD,39.172924,-77.20381,,iclasspro,montgomeryvillagemd,1,in_ring,Germantown,3.6,1,274,410,66.8,seatmodel_unvalidated,derived,40.0,173.2,iclasspro_class_detail_tuition
SafeSplash,"SafeSplash Owings Mills, MD",Owings Mills,MD,39.41052,-76.77199,,iclasspro,owingsmillsmd,1,prospective,Columbia,12.96,0,109,283,38.5,seatmodel_unvalidated,derived,30.0,129.9,iclasspro_class_detail_tuition
SafeSplash,"SafeSplash Kansas City (Zona Rosa), MO",Kansas City,MO,39.250893,-94.662056,,iclasspro,kansascityzonarosamo,1,prospective,O'Fallon,215.17,0,589,907,64.9,seatmodel_unvalidated,derived,32.0,138.56,iclasspro_class_detail_tuition
SafeSplash,"SafeSplash DeSoto (Southaven), MS",Southaven,MS,34.964504,-89.934235,,iclasspro,desotosouthavenms,1,prospective,O'Fallon,266.9,0,104,152,68.4,seatmodel_unvalidated,derived,24.0,103.92,iclasspro_class_detail_tuition
SafeSplash,"SafeSplash Concord (Afton Ridge), NC",Concord,NC,35.415054,-80.67957,,iclasspro,concordaftonridgenc,1,in_ring,Concord,3.87,1,456,745,61.2,seatmodel_unvalidated,derived,33.75,146.14,iclasspro_class_detail_tuition
SafeSplash,"SafeSplash Holly Springs, NC",Holly Springs,NC,35.654526,-78.847305,,iclasspro,hollyspringsnc,1,in_ring,Apex,6.4,1,566,763,74.2,seatmodel_unvalidated,derived,33.0,142.89,iclasspro_class_detail_tuition
SafeSplash,"SafeSplash Cedar Grove, NJ",Cedar Grove,NJ,40.83688,-74.22674,,iclasspro,cedargrovenj,1,in_ring,Woodland Park,3.31,3,569,731,77.8,seatmodel_unvalidated,derived,37.0,160.21,iclasspro_class_detail_tuition
SafeSplash,"SafeSplash Clifton, NJ",Clifton,NJ,40.87721,-74.121544,,iclasspro,cliftonnj,1,in_ring,Woodland Park,4.38,3,28,51,54.9,seatmodel_unvalidated,derived,34.75,150.47,iclasspro_class_detail_tuition
SafeSplash,"SafeSplash Paramus, NJ",Paramus,NJ,40.914627,-74.04997,,iclasspro,paramusnj,1,in_ring,Paramus,2.46,3,52,61,85.2,seatmodel_unvalidated,derived,34.75,150.47,iclasspro_class_detail_tuition
SafeSplash,"SafeSplash Secaucus, NJ",Seacaucus,NJ,40.789677,-74.04355,,iclasspro,secaucusnj,1,prospective,Woodland Park,10.58,0,23,37,62.2,seatmodel_unvalidated,derived,34.75,150.47,iclasspro_class_detail_tuition
SafeSplash,"SafeSplash South Plainfield, NJ",South Plainfield,NJ,40.549484,-74.420746,,iclasspro,southplainfieldnj,1,in_ring,Watchung,6.31,2,534,716,74.6,seatmodel_unvalidated,derived,35.0,151.55,iclasspro_class_detail_tuition
SafeSplash,"SafeSplash Voorhees, NJ",Voorhees,NJ,39.853092,-74.982185,,iclasspro,voorheesnj,1,in_ring,Cherry Hill,6.27,1,428,608,70.4,seatmodel_unvalidated,derived,35.0,151.55,iclasspro_class_detail_tuition
SafeSplash,"SafeSplash Las Vegas (Summerlin), NV",Las Vegas,NV,36.189365,-115.30515,,iclasspro,lasvegassummerlinnv,1,prospective,Tustin,221.07,0,76,118,64.4,seatmodel_unvalidated,derived,27.0,116.91,iclasspro_class_detail_tuition
SafeSplash,"SafeSplash Yonkers (Ridge Hill), NY",Yonkers,NY,40.964417,-73.855515,,iclasspro,yonkersridgehillny,1,prospective,Paramus,11.11,0,271,399,67.9,seatmodel_unvalidated,derived,44.75,193.77,iclasspro_class_detail_tuition
SafeSplash,"SafeSplash Yonkers (Riverdale), NY",Yonkers,NY,40.91604,-73.9089,,iclasspro,yonkersriverdaleny,1,in_ring,Paramus,8.55,1,0,394,0.0,seatmodel_unvalidated,derived,44.75,193.77,iclasspro_class_detail_tuition
SafeSplash,"SafeSplash Dublin (Plain City), OH",Plain City,OH,40.12214,-83.20027,,iclasspro,dublinplaincityoh,1,prospective,Noblesville,144.64,0,470,661,71.1,seatmodel_unvalidated,derived,32.0,138.56,iclasspro_class_detail_tuition
SafeSplash,"SafeSplash Perrysburg, OH",Perrysburg,OH,41.54771,-83.60172,,iclasspro,perrysburgoh,1,prospective,Ann Arbor,48.98,0,333,458,72.7,seatmodel_unvalidated,derived,31.0,134.23,iclasspro_class_detail_tuition
SafeSplash,"SafeSplash Bend (North Side), OR",Bend,OR,44.1011,-121.2982,,iclasspro,bendnorthsideor,1,prospective,Cottonwood Heights,538.35,0,345,557,61.9,seatmodel_unvalidated,derived,40.0,173.2,iclasspro_class_detail_tuition
SafeSplash,"SafeSplash Clackamas, OR",Clackamas,OR,45.429523,-122.57351,,iclasspro,clackamasor,1,prospective,Cottonwood Heights,634.45,0,93,142,65.5,seatmodel_unvalidated,derived,38.0,164.54,iclasspro_class_detail_tuition
SafeSplash,"SafeSplash Gresham, OR",Portland,OR,45.534164,-122.47987,,iclasspro,greshamor,1,prospective,Cottonwood Heights,633.86,0,26,62,41.9,seatmodel_unvalidated,derived,32.0,138.56,iclasspro_class_detail_tuition
SafeSplash,"SafeSplash Hillsboro, OR",Hillsboro,OR,45.55018,-122.90418,,iclasspro,hillsboroor,1,prospective,Cottonwood Heights,652.5,0,102,152,67.1,seatmodel_unvalidated,derived,38.0,164.54,iclasspro_class_detail_tuition
SafeSplash,"SafeSplash Portland (Hollywood), OR",Portland,OR,45.533375,-122.620026,,iclasspro,portlandhollywoodor,1,prospective,Cottonwood Heights,639.8,0,126,187,67.4,seatmodel_unvalidated,derived,38.0,164.54,iclasspro_class_detail_tuition
SafeSplash,"SafeSplash Lancaster (Lititz), PA",Lititz,PA,40.110054,-76.26418,,iclasspro,lancasterlititzpa,1,prospective,Paoli,41.45,0,170,257,66.1,seatmodel_unvalidated,derived,37.5,162.38,iclasspro_class_detail_tuition
SafeSplash,"SafeSplash Bristol, RI",Bristol,RI,41.69366,-71.2762,,iclasspro,bristolri,1,prospective,Dartmouth,15.36,0,642,842,76.2,seatmodel_unvalidated,derived,30.0,129.9,iclasspro_class_detail_tuition
SafeSplash,"SafeSplash Sioux Falls (East), SD",Sioux Falls,SD,43.542847,-96.654686,,iclasspro,siouxfallseastsd,1,prospective,Hoffman Estates,443.56,0,412,744,55.4,seatmodel_unvalidated,derived,33.75,146.14,iclasspro_class_detail_tuition
SafeSplash,"SafeSplash Sioux Falls (South), SD",Sioux Falls,SD,43.47492,-96.72807,,iclasspro,siouxfallssouthsd,1,prospective,Hoffman Estates,446.35,0,416,722,57.6,seatmodel_unvalidated,derived,33.75,146.14,iclasspro_class_detail_tuition
SafeSplash,"SafeSplash Sioux Falls (Woodlake), SD",Sioux Falls,SD,43.50308,-96.76802,,iclasspro,siouxfallswoodlakesd,1,prospective,Hoffman Estates,448.66,0,46,83,55.4,seatmodel_unvalidated,derived,33.75,146.14,iclasspro_class_detail_tuition
SafeSplash,"SafeSplash Collierville, TN",Collierville,TN,35.04703,-89.69887,,iclasspro,colliervilletn,1,prospective,O'Fallon,263.69,0,190,321,59.2,seatmodel_unvalidated,derived,26.5,114.75,iclasspro_class_detail_tuition
SafeSplash,"SafeSplash Cool Springs, TN",Franklin,TN,35.962784,-86.81306,,iclasspro,coolspringstn,1,prospective,Sandy Plains,188.14,0,805,994,81.0,seatmodel_unvalidated,derived,40.0,173.2,iclasspro_class_detail_tuition
SafeSplash,"SafeSplash Lakeland, TN",Lakeland,TN,35.20556,-89.76737,,iclasspro,lakelandtn,1,prospective,O'Fallon,252.18,0,232,324,71.6,seatmodel_unvalidated,derived,26.5,114.75,iclasspro_class_detail_tuition
SafeSplash,"SafeSplash Arlington, TX",Arlington,TX,32.68352,-97.12779,,iclasspro,arlingtontx,1,prospective,Plano,30.46,0,124,237,52.3,seatmodel_unvalidated,derived,33.0,142.89,iclasspro_class_detail_tuition
SafeSplash,"SafeSplash Boerne, TX",Boerne,TX,29.709084,-98.65719,,iclasspro,boernetx,1,prospective,Austin - Central,70.95,0,488,724,67.4,seatmodel_unvalidated,derived,30.75,133.15,iclasspro_class_detail_tuition
SafeSplash,"SafeSplash Bridgeland, TX",Cypress,TX,29.927183,-95.73409,,iclasspro,bridgelandtx,2,prospective,Katy,14.14,0,584,693,84.3,seatmodel_unvalidated,derived,31.5,136.4,iclasspro_class_detail_tuition
SafeSplash,"SafeSplash Flower Mound, TX",Flower Mound,TX,33.01123,-97.0441,,iclasspro,flowermoundtx,1,prospective,Frisco,13.46,0,408,513,79.5,seatmodel_unvalidated,derived,31.0,134.23,iclasspro_class_detail_tuition
SafeSplash,"SafeSplash Frisco (Little Elm), TX",Frisco,TX,33.15425,-96.84294,,iclasspro,friscolittleelmtx,1,in_ring,Frisco,2.79,2,86,130,66.2,seatmodel_unvalidated,derived,30.0,129.9,iclasspro_class_detail_tuition
SafeSplash,"SafeSplash Garland, TX",Garland,TX,32.85844,-96.6474,,iclasspro,garlandtx,1,prospective,Plano,14.32,0,81,149,54.4,seatmodel_unvalidated,derived,30.0,129.9,iclasspro_class_detail_tuition
SafeSplash,"SafeSplash Kirby Creek, TX",Grand Prairie,TX,32.69572,-97.00368,,iclasspro,kirbycreektx,1,prospective,Plano,25.74,0,141,230,61.3,seatmodel_unvalidated,derived,33.0,142.89,iclasspro_class_detail_tuition
SafeSplash,"SafeSplash McKinney (Central Expy & Eldorado), TX",McKinney,TX,33.18,-96.6508,,iclasspro,mckinneycentralexpyeldoradotx,1,in_ring,Allen,3.48,1,23,47,48.9,seatmodel_unvalidated,derived,30.0,129.9,iclasspro_class_detail_tuition
SafeSplash,"SafeSplash McKinney (Custer Road), TX",McKinney,TX,33.19958,-96.73478,,iclasspro,mckinneycusterroadtx,1,in_ring,Allen,6.78,2,318,353,90.1,seatmodel_unvalidated,derived,30.0,129.9,iclasspro_class_detail_tuition
SafeSplash,"SafeSplash North Dallas (Royal), TX",Dallas,TX,32.90081,-96.76978,,iclasspro,northdallasroyaltx,1,in_ring,Plano,8.67,1,0,89,0.0,seatmodel_unvalidated,derived,35.0,151.55,iclasspro_class_detail_tuition
SafeSplash,"SafeSplash Prosper (University Dr), TX",Prosper,TX,33.221184,-96.88167,,iclasspro,prosperuniversitydrtx,1,in_ring,Frisco,4.4,1,476,639,74.5,seatmodel_unvalidated,derived,30.0,129.9,iclasspro_class_detail_tuition
SafeSplash,"SafeSplash Richardson, TX",Richardson,TX,32.975376,-96.6977,,iclasspro,richardsontx,1,in_ring,Plano,6.59,1,17,49,34.7,seatmodel_unvalidated,derived,30.0,129.9,iclasspro_class_detail_tuition
SafeSplash,"SafeSplash Round Rock (Brushy Creek), TX",Round Rock,TX,30.505136,-97.718155,,iclasspro,roundrockbrushycreektx,1,prospective,Austin - Central,12.54,0,79,133,59.4,seatmodel_unvalidated,derived,33.0,142.89,iclasspro_class_detail_tuition
SafeSplash,"SafeSplash Sachse, TX",Sachse,TX,32.989544,-96.57161,,iclasspro,sachsetx,1,prospective,Allen,10.75,0,122,148,82.4,seatmodel_unvalidated,derived,29.0,125.57,iclasspro_class_detail_tuition
SafeSplash,"SafeSplash Saginaw, TX",Saginaw,TX,32.87184,-97.34238,,iclasspro,saginawtx,1,prospective,Frisco,32.78,0,328,514,63.8,seatmodel_unvalidated,derived,32.0,138.56,iclasspro_class_detail_tuition
SafeSplash,"SafeSplash San Antonio (Bulverde Marketplace), TX",San Antonio,TX,29.595173,-98.42194,,iclasspro,sanantoniobulverdemarketplacetx,1,prospective,Austin - Central,66.07,0,509,821,62.0,seatmodel_unvalidated,derived,30.0,129.9,iclasspro_class_detail_tuition
SafeSplash,"SafeSplash Temple (West), TX",Temple,TX,31.134315,-97.417046,,iclasspro,templewesttx,1,prospective,Austin - Central,58.59,0,547,738,74.1,seatmodel_unvalidated,derived,34.5,149.38,iclasspro_class_detail_tuition
SafeSplash,"SafeSplash Woodway, TX",Woodway,TX,31.504057,-97.19951,,iclasspro,woodwaytx,1,prospective,Austin - Central,86.92,0,147,253,58.1,seatmodel_unvalidated,derived,31.25,135.31,iclasspro_class_detail_tuition
SafeSplash,"SafeSplash Alexandria (Kingstowne), VA",Alexandria,VA,38.78512,-77.12959,,iclasspro,alexandriakingstowneva,1,in_ring,Springfield,3.36,3,289,409,70.7,seatmodel_unvalidated,derived,35.0,151.55,iclasspro_class_detail_tuition
SafeSplash,"SafeSplash Sterling, VA",Sterling,VA,39.013172,-77.37323,,iclasspro,sterlingva,1,in_ring,Dulles,5.75,2,191,475,40.2,seatmodel_unvalidated,derived,37.0,160.21,iclasspro_class_detail_tuition
SafeSplash,"SafeSplash Bellevue, WA",Bellevue,WA,47.60923,-122.13965,,iclasspro,bellevuewa,1,prospective,Cottonwood Heights,701.31,0,58,85,68.2,seatmodel_unvalidated,derived,41.0,177.53,iclasspro_class_detail_tuition
SafeSplash,"SafeSplash Kent (Panther Lake), WA",Kent,WA,47.417324,-122.195274,,iclasspro,kentpantherlakewa,1,prospective,Cottonwood Heights,694.93,0,71,103,68.9,seatmodel_unvalidated,derived,39.5,171.03,iclasspro_class_detail_tuition
SafeSplash,"SafeSplash Kirkland, WA",Kirkland,WA,47.70844,-122.17928,,iclasspro,kirklandwa,1,prospective,Cottonwood Heights,707.12,0,151,182,83.0,seatmodel_unvalidated,derived,42.0,181.86,iclasspro_class_detail_tuition
SafeSplash,"SafeSplash Redmond, WA",Redmond,WA,47.66964,-122.11386,,iclasspro,redmondwa,1,prospective,Cottonwood Heights,703.06,0,104,152,68.4,seatmodel_unvalidated,derived,43.0,186.19,iclasspro_class_detail_tuition
SafeSplash,"SafeSplash Renton (Fairwood), WA",Renton,WA,47.44602,-122.15187,,iclasspro,rentonfairwoodwa,1,prospective,Cottonwood Heights,694.6,0,109,160,68.1,seatmodel_unvalidated,derived,37.0,160.21,iclasspro_class_detail_tuition
Water Wings,"Water Wings Swim School - Sherman Oaks, CA",Sherman Oaks,CA,34.1526,-118.4322,zip_centroid,unleashed,1d75c5d2-4488-440f-ae53-4705088ba77f,shermanoaksca,prospective,Torrance,22.78,0,1173,1415,82.9,observed_published_capacity,published,33.03,143.0,unleashed_membership_1x_group
Water Wings,"Water Wings Swim School - La Verne, CA",La Verne,CA,34.1159,-117.7708,zip_centroid,unleashed,1702d4ed-4606-4feb-9b6f-7ac4b5804938,laverneca,prospective,Tustin,27.09,0,434,1076,40.3,observed_published_capacity,published,33.03,143.0,unleashed_membership_1x_group
Water Wings,"Water Wings Swim School - Agoura Hills, CA",Agoura Hills,CA,34.1227,-118.7573,zip_centroid,unleashed,833cc3a4-720d-4be1-82bc-96251952ae04,agourahillsca,prospective,Torrance,30.81,0,573,968,59.2,observed_published_capacity,published,33.03,143.0,unleashed_membership_1x_group
Water Wings,"Water Wings Swim School - Canoga Park, CA",Canoga Park,CA,34.1993,-118.5983,zip_centroid,unleashed,e77fc13e-a7be-4d31-8ab4-97a66833555f,canogaparkca,prospective,Torrance,29.17,0,547,702,77.9,observed_published_capacity,published,33.03,143.0,unleashed_membership_1x_group
Water Wings,"Water Wings Swim School - Northridge, CA",Northridge,CA,34.2367,-118.5466,zip_centroid,unleashed,b66ca0a1-894a-4e31-adc9-b10fdec76758,northridgeca,prospective,Torrance,30.25,0,1517,1921,79.0,observed_published_capacity,published,33.03,143.0,unleashed_membership_1x_group
Water Wings,"Water Wings Swim School - Encino, CA",Encino,CA,34.151,-118.4882,zip_centroid,unleashed,d34ae2f0-beb7-441c-bc54-be0d1e91ae71,encinoca,prospective,Torrance,23.53,0,935,1176,79.5,observed_published_capacity,published,33.03,143.0,unleashed_membership_1x_group
Water Wings,"Water Wings Swim School - Lakewood, CO",Lakewood,CO,39.7123,-105.0918,zip_centroid,unleashed,79995651-6ca3-49d6-b9c2-7b817edff444,lakewoodco,prospective,Northglenn,13.3,0,,,,not_sized,none,,,
Water Wings,"Water Wings Swim School - Boise, ID",Boise,ID,43.5741,-116.2941,zip_centroid,unleashed,84b7141d-21a7-47d1-9676-70be6bd75165,boiseid,prospective,Cottonwood Heights,305.58,0,,,,not_sized,none,24.94,108.0,unleashed_membership_1x_group
Water Wings,"Water Wings Swim School - Eagle, ID",Eagle,ID,43.7069,-116.362,zip_centroid,unleashed,dfef49d8-fb87-4732-8b46-9364f2d2d76f,eagleid,prospective,Cottonwood Heights,314.14,0,242,482,50.2,observed_published_capacity,published,24.94,108.0,unleashed_membership_1x_group
Water Wings,"Water Wings Swim School - Nampa, ID",Nampa,ID,43.5937,-116.536,zip_centroid,unleashed,bca7b9e1-f8c4-4c3b-9c48-959fac4a1277,nampaid,prospective,Cottonwood Heights,315.77,0,,,,not_sized,none,24.94,108.0,unleashed_membership_1x_group
Water Wings,"Water Wings Swim School - Brighton, MI",Brighton,MI,42.5371,-83.7756,zip_centroid,unleashed,b4d3b952-1228-45a5-aa90-6151abd5206f,brightonmi,prospective,Ann Arbor,20.07,0,,,,not_sized,none,,,
Water Wings,"Water Wings Swim School - Billings, MT",Billings,MT,45.7813,-108.5727,zip_centroid,unleashed,6d81afa7-031c-4cc4-b9a8-d04daef58700,billingsmt,prospective,Cottonwood Heights,392.74,0,,,,not_sized,none,32.33,140.0,unleashed_membership_1x_group
Water Wings,"Water Wings Swim School - Green Valley, NV",Green Valley,NV,35.9878,-115.1167,zip_centroid,unleashed,c3886fef-9752-41f2-a2f3-08a59dfd337f,greenvalleynv,prospective,Tustin,217.94,0,654,1443,45.3,observed_published_capacity,published,30.02,130.0,unleashed_membership_1x_group
Water Wings,"Water Wings Swim School - Centennial, NV",Centennial,NV,36.0383,-115.1462,zip_centroid,unleashed,c07ab56b-b80f-4e4b-b645-b725ce58f36c,centennialnv,prospective,Tustin,219.28,0,632,1312,48.2,observed_published_capacity,published,30.02,130.0,unleashed_membership_1x_group
Water Wings,"Water Wings Swim School - Summerlin, NV",Summerlin,NV,36.1128,-115.2801,zip_centroid,unleashed,5ca07f95-452b-46a8-93ea-d63bc2ea6130,summerlinnv,prospective,Tustin,217.99,0,804,1380,58.3,observed_published_capacity,published,30.02,130.0,unleashed_membership_1x_group
Water Wings,"Water Wings Swim School - Cypress, TX",Cypress,TX,29.8836,-95.7025,zip_centroid,unleashed,7103c84e-8c5c-41a5-a7f2-419a1ee2fa88,cypresstx,prospective,Katy,12.52,0,107,486,22.0,observed_published_capacity,published,32.33,140.0,unleashed_membership_1x_group
Water Wings,"Water Wings Swim School - Colleyville, TX",Colleyville,TX,32.8872,-97.146,zip_centroid,unleashed,6a37e382-18fb-4f8c-9ed0-4aa533486a1d,colleyvilletx,prospective,Plano,22.44,0,336,553,60.8,observed_published_capacity,published,30.02,130.0,unleashed_membership_1x_group
Water Wings,"Water Wings Swim School - Arlington (South), TX",Arlington (South),TX,32.6289,-97.1517,zip_centroid,unleashed,fff54bfb-92ae-437e-a4d9-6c972d710610,arlington-south-tx,prospective,Plano,34.29,0,,,,not_sized,none,32.33,140.0,unleashed_membership_1x_group
Water Wings,"Water Wings Swim School - Frisco, TX",Frisco,TX,33.1377,-96.7524,zip_centroid,unleashed,2c4a86ef-799d-48cf-b94c-896620090b63,friscotx,in_ring,Allen,5.8,3,,,,not_sized,none,32.33,140.0,unleashed_membership_1x_group
Water Wings,"Water Wings Swim School - Marysville, WA",Marysville,WA,48.0656,-122.1562,zip_centroid,unleashed,9108a988-0016-4e89-92f5-979ce554f633,marysvillewa,prospective,Cottonwood Heights,722.43,0,,,,not_sized,none,,,
